기사날짜,기사제목,네이버 뉴스 url,기사내용
2023.06.29.,"우리은행, ESG보고서 첫 발간",https://n.news.naver.com/mnews/article/421/0006897707?sid=101,"우리은행 제공(서울=뉴스1) 한유주 기자 = 우리은행이 그간의 ESG(사회·환경·지배구조) 경영성과를 담은 'ESG보고서'를 처음 발간했다고 29일 밝혔다.보고서의 '우리, 지속가능한 이야기' 부분에서는 ESG금융, 디지털뱅킹 등 우리은행이 그간 추진한 주요 ESG 사업을 공개했다. 'ESG Performance' 부분에서는 분야별 주요 성과를 공개했다. 환경(E) 분야에선 친환경 금융지원 실적, 온실가스 감축목표 초과달성 실적을, 사회(S) 분야에서는 상생금융, 인권경영, 사회공헌을 위한 노력을 담았다. 지배구조(G) 분야에서는 준법경영, 기후리스크를 비롯한 리스크 관리 등에 대한 정책을 공개했다. 협력기관, 고객, 직원 인터뷰를 통해 내외부 이해관계자와의 소통을 강화했다.이번 보고서는 글로벌 공시기준을 준수해 작성됐으며, 글로벌 인증기관인 로이드인증원의 제3자 독립검증을 통해 객관성과 신뢰도를 확보했다.이원덕 우리은행장은 ""우리은행은 앞으로도 우리나라 대표 금융기관으로서의 책임감을 갖고 금융의 힘으로 환경과 사회를 이롭게 만들어 나갈 것""이라고 밝혔다."
2023.06.29.,"우리은행, ESG 보고서 첫 발간…글로벌 공시기준 준수",https://n.news.naver.com/mnews/article/003/0011944288?sid=101,"[서울=뉴시스] 이정필 기자 = 우리은행은 그동안의 환경·사회·지배구조(ESG) 경영 성과를 담은 '2022 ESG 보고서'를 첫 발간했다고 29일 밝혔다.우리은행에 따르면 이번 보고서는 공개정보의 신뢰성을 높이기 위해 지속가능경영 국제 보고 가이드라인인 GRI 2021, SASB 등 글로벌 공시기준을 준수해 작성했다. 글로벌 인증기관인 로이드인증원의 제3자 독립검증을 통해 객관성과 신뢰도를 확보했다는 설명이다.디지털로 발간한 이번 보고서는 우리은행 홈페이지에서 열람 가능하다.이원덕 우리은행장은 ""당행은 앞으로도 우리나라 대표 금융기관으로서의 책임감을 갖고, 금융의 힘으로 환경과 사회를 이롭게 만들어 나갈 것""이라고 강조했다."
2023.06.30.,"우리은행, 투명한 ESG경영 성과 담은 보고서 발간",https://n.news.naver.com/mnews/article/029/0002810319?sid=101,"우리은행 제공.    우리은행은 그동안의 ESG(환경·사회·지배구조) 경영성과를 담은 '우리은행 2022 ESG보고서'를 첫 발간했다고 30일 밝혔다.이번 보고서를 통해 '금융을 통해 우리가 만드는 더 나은 세상'이라는 ESG 비전 아래 그동안 추진해왔던 다양한 사업과 성과를 이해관계자들에게 투명하게 공개했다.<우리, 지속가능한 이야기>에서는 △지속가능한 내일을 만드는 우리(ESG금융) △디지털에서도 함께하는 우리(디지털뱅킹) △다음세대와 함께하는 우리(MZ세대) 등 그동안 추진해 온 주요 ESG 사업을 공개했다.에서는 분야별 주요 성과를 공개했다. 환경(E) 분야는 친환경 금융지원 실적, 온실가스 감축목표 초과달성 등 환경경영 성과를 공유했다. 사회(S) 분야는 상생금융, 인권경영, 사회공헌 등 이해관계자와의 동반성장을 위한 노력을 담았다. 지배구조(G) 분야는 윤리·준법경영, 기후리스크를 비롯한 리스크 관리 등 공정하고 투명한 책임경영을 위한 다양한 정책을 공개했다. 특히 협력기관, 고객, 직원과의 인터뷰를 통해 내외부 이해관계자와의 소통을 강화했다.이번 보고서는 공개정보의 신뢰성을 높이기 위해 지속가능경영 국제 보고 가이드라인인 GRI 2021, SASB 등 글로벌 공시기준을 준수해 작성？다. 글로벌 인증기관인 로이드인증원의 제3자 독립검증을 통해 객관성과 신뢰도를 확보했다.이원덕 은행장은 ""우리은행은 앞으로도 우리나라 대표 금융기관으로서의 책임감을 갖고, 금융의 힘으로 환경과 사회를 이롭게 만들어 나갈 것""이라고 밝혔다.ESG경영의 취지에 맞게 디지털로 발간한 이번 보고서는 우리은행 홈페이지의 <은행소개/IR·ESG경영· ESG보고서>에서 열람 가능하다."
2023.06.29.,기업 ESG경영 ‘독려’ 나선 은행권...우대금리로 ‘유인’,url없음,<네이버 기사 없음>
2023.06.30.,"우리금융, ESG 성과 담은 '2022 지속가능경영보고서' 발간",url없음,<네이버 기사 없음>
2023.06.29.,"[은행가소식] 우리은행, 'ESG보고서' 첫 발간",url없음,<네이버 기사 없음>
2023.06.30.,[금융업계기상도]KB국민은행·케이뱅크 ‘맑음’,url없음,<네이버 기사 없음>
2023.06.30.,'취임 100일' 임종룡 회장…'은행장 오디션' 등 기업문화 싹 바꿨다,url없음,<네이버 기사 없음>
2023.06.28.,"[ESG] 임종룡 우리금융 '우리은행', ESG 경영과 리스크 관리 ④…전 임원 대장동 로비 의혹은?",url없음,<네이버 기사 없음>
2023.06.27.,"[금융리포트] 농협은행, 6억 달러 규모 글로벌 소셜본드 발행 外",url없음,<네이버 기사 없음>
2023.06.26.,"[금융 이모저모] KB국민은행, 청주체육관'Green Month, 다함께 플로깅' 실시",url없음,<네이버 기사 없음>
2023.06.29.,"[알아보니]‘육아휴직 3년 시대’, 은행권 확산되나…금융노조, 공식 안건 제안",url없음,<네이버 기사 없음>
2023.06.26.,"은행권 'ESG 사각지대' 중소기업 지원, 다양성 확대해야",url없음,<네이버 기사 없음>
2023.06.26.,"[ESG] 임종룡 우리금융 '우리은행', ESG 경영과 리스크 관리 ④…횡령 등 금융사고는?",url없음,<네이버 기사 없음>
2023.06.28.,[브리프] 하나금융 농협금융 기업은행 DB손보 KB손보 흥국생명 外,url없음,<네이버 기사 없음>
2023.06.27.,[스타트업 소식] 우리금융 디노랩·언더독스·코리아스타트업포럼 外,url없음,<네이버 기사 없음>
2023.06.23.,우리은행 '디노랩' 4기 14개 업체 선발,url없음,<네이버 기사 없음>
2023.06.23.,"[금융 이모저모] 하나은행, 기부 문화 확산을 위해 금융ㆍ의료ㆍ법률ㆍ장묘 연계한 종합솔루션 제공",url없음,<네이버 기사 없음>
2023.06.21.,"[ESG] 임종룡 우리금융 '우리은행', ESG 경영과 리스크 관리 ②···성추행은?",url없음,<네이버 기사 없음>
2023.06.22.,"[ESG] 임종룡 우리금융 '우리은행', ESG 경영과 리스크 관리 ③…금리·수수료 담합은?",url없음,<네이버 기사 없음>
2023.06.01.,"우리은행, ESG채권 형식 후순위채권 4000억원 발행",https://n.news.naver.com/mnews/article/421/0006841256?sid=101,"우리은행 CI(서울=뉴스1) 한유주 기자 = 우리은행이 전날 ESG채권 형식의 원화 후순위채권(조건부자본증권) 4000억원 발행에 성공했다고 1일 밝혔다.우리은행은 당초 2700억원 규모로 발행할 계획이었지만 투자자들의 높은 관심으로 모집금액의 2.26배인 6100억원이 몰려, 최종 4000억원으로 증액했다. 채권의 만기는 10년이며, 연 5.14%의 고정금리로 발행됐다. 발행금리는 국고채 10년 금리에 발행스프레드 1.50%p를 가산한 금리로, 올해 시중은행에서 처음 발행하는 후순위채권이다.이번 채권은 신재생에너지 개발 등 녹색금융에 사용하는 '그린본드'와 사회적 취약계층 지원을 위한 '소셜본드'가 결합한 지속가능채권이다. 이번 발행으로 우리은행의 BIS비율은 0.24%p 오를 것으로 예상된다.우리은행 관계자는 ""지난 하반기 레고랜드 사태, 올해 상반기 SVB 파산, CS 사태 등 연이은 대내외 이슈로 투자심리가 위축되며 발행시장이 녹록지 않았다""며 ""최근 시장금리가 다소 안정세를 찾고 투자자 심리가 다시 살아나 신속하게 발행 일정을 잡고 투자설명회를 실시, 채권 발행을 성공적으로 마무리할 수 있었다""고 말했다. 아울러 ""이번 발행을 통해 자본적정성 제고와 함께 사회적 책임을 다하는 ESG경영을 적극 실천하도록 최선을 다하겠다""고 덧붙였다."
2023.06.21.,"[ESG] 임종룡 우리금융 '우리은행', ESG 경영과 리스크 관리 ①···직장내 상습 갑질은?",url없음,<네이버 기사 없음>
2023.06.23.,[오늘의 은행가 소식]하나은행 外,url없음,<네이버 기사 없음>
2023.06.14.,"[함께가자 우리ESG] 우리은행, 스타트업 기업에 금융데이터 지원",url없음,<네이버 기사 없음>
2023.06.01.,"우리은행, 원화 후순위채권 4000억원 발행 성공",https://n.news.naver.com/mnews/article/016/0002150919?sid=101,"ESG채권 형식의 후순위채권 발행BIS 자기자본비율의 0.24%p 상승 기대[헤럴드경제=서정은 기자] 우리은행은 지난달 31일 지속가능경영을 위한 환경사회지배구조(ESG)채권 형식의 원화 후순위채권(조건부자본증권) 4000억원 발행에 성공했다고 1일 밝혔다.우리은행은 당초 2700억원 규모로 발행할 계획이었으나, 6100억원의 자금이 몰려 최종 4000억원으로 증액해 발행했다.이번에 발행된 채권의 만기는 10년이며, 연 5.14%의 고정금리로 발행됐다. 발행금리는 국고채 10년 금리에 발행스프레드 1.50%포인트를 가산한 금리로, 올해 시중은행에서 처음으로 발행하는 후순위채권이다.특히, 이번 채권은 신재생에너지 개발 등 녹색금융에 사용하는 ‘그린본드’와 사회적 취약계층 지원 등을 위한 ‘소셜본드’가 결합된 지속가능채권이다. 또한 이번 발행으로 우리은행의 국제결제은행(BIS)비율은 0.24%포인트 상승할 것으로 예상된다.우리은행 관계자는 “지난 하반기 레고랜드 사태, 올해 상반기 실리콘밸리은행(SVB) 파산, 크레딧스위스(CS) 사태 등 연이은 대내외 이슈로 투자심리가 위축되며 발행시장이 녹록하지 않았다”며, “최근 시장금리가 다소 안정세를 찾고 투자자 심리가 다시 살아나 신속하게 발행 일정을 잡고 투자설명회를 실시해 채권 발행을 성공적으로 마무리할 수 있었다”고 말했다. 더불어 “이번 발행을 통해 자본적정성 제고와 함께 사회적 책임을 다하는 ESG경영을 적극 실천하도록 최선을 다할 것”이라고 덧붙였다.한편, 우리은행은 우리금융그룹의 ESG 비전인 ‘Good Finance for the Next(금융을 통해 우리가 만드는 더 나은 세상)’를 기반으로 그룹 차원의 다양한 ESG활동을 위해 글로벌 기후위기 대응과 지역사회 나눔 실천 등의 활동을 더욱 확대해 나갈 계획이다."
2023.06.18.,"3위 하나, 2위 우리 제치고...'대한민국 으뜸 은행 순위'",url없음,<네이버 기사 없음>
2023.06.01.,"우리은행, 전세 사기 피해자 구제 제일 먼저 나서",https://n.news.naver.com/mnews/article/262/0000016554?sid=101,"[ESG·사회적가치 경제를 살리다] 상생금융 전담 조직 최초로 만들다● 피해자 이사하지 않아도 저리로 대환대출● “경제적 고통 완화에 도움 되길”4월 20일 우리은행은 인천 미추홀구에서 발생한 전세사기 피해자들을 위해 긴급 지원책인 ‘우리가(家) 힘이 되는 주거 안정 프로그램’을 발표했다. 사진은 우리은행에서 마련한 간이 대출 상담 지원 부스. [우리은행]우리은행은 상생금융 전담 조직을 만들어 ESG 상생금융을 실현하고 있다. 3월 우리은행은 대대적인 조직 개편을 단행하면서 국내 은행권 최초로 ‘상생금융부’를 신설했다. 조직 이름에서 알 수 있듯 상생금융부의 사업 목표는 서민과 소상공인, 금융 소외계층을 대상으로 한 금융 지원 업무를 통해 사회적 책임을 실천하는 것이다.상생금융 일환으로 디지털 취약 계층인 고령층의 금융 접근성과 편의성을 확대하기 위해 서울 도심 곳곳에 특화 점포인 ‘효심 영업점’을 개설했다. 효심 영업점에서는 전통시장 소상공인을 금융 사기 위험에서 보호하기 위해 이들과 긴밀한 협력 관계를 구축한다.상생금융부는 최근 전국 각지에서 발생한 전세 사기 피해자를 구제하는 일까지 주도하고 있다. 4월 20일 우리은행은 전세 사기 피해 긴급 지원책인 ‘우리가(家) 힘이 되는 주거 안정 프로그램’을 발표하고, 나흘 뒤인 24일부터 주택도시기금의 전세 사기 피해자를 대상으로 한 저금리 대환대출을 시작했다.시중은행의 전세자금 대출을 받은 전세 사기 피해자가 기존 주택에서 이사 하지 않고 계속 거주해야 하는 경우 낮은 금리의 대출로 갈아탈 수 있도록 한 것이다. 연 1.2~2.1% 금리에 2억4000만 원(보증금의 80% 이내) 한도로 대출이 가능하다. 지금까지 전세 사기 피해자들은 다른 전셋집으로 이사하는 경우에만 저리 전세 대출 지원을 받을 수 있었다.전세 사기 피해자를 대상으로 한 대규모 지원책을 마련한 곳도 우리은행이다. 우리은행이 마련한 전세 사기 피해 지원금 규모는 무려 5300억 원. 피해자들의 상황에 따라 △전세자금대출(가구당 최대 1억5000만 원, 총 1500억 원) △주택구입자금대출(가구당 2억 원, 총 2300억 원) △경락자금대출(가구당 2억 원, 총 1500억 원) 등의 주거 안정 금융 제도가 지원된다.전세 사기 피해 지원금 규모 5300억 원비(非)금융 지원에도 적극적으로 나선다. 우리은행은 인천 지역 전세피해지원센터 인근에 이동점포를 활용해 대출 상담 직원을 상주시키기로 했다. 해당 지역을 시작으로 지원 대상을 확대할 예정이다. 그룹에서 부동산 권리조사를 담당하는 우리신용정보는 피해자들이 주거를 이동할 경우 부동산 권리관계를 안전하게 확인할 수 있도록 관련 서비스를 무상 지원하기로 했다.흥미로운 것은 상생금융부의 탄생 과정이다. 정부나 국회 요청으로 마련되는 사회적 금융 지원 방안과 달리 은행이 자발적으로 움직였다. 임종룡 우리금융지주 회장이 3월 24일 취임 이전부터 금융 취약계층 지원에 강한 의지를 드러낸 것이 은행의 ESG와 사회적 책임에 대해 고민하는 계기가 됐다. 이런 흐름은 상생금융부 신설로 이어졌고, 각종 금융 지원책을 선보이며 업계를 선도하는 ‘리딩 금융’으로 거듭났다.박회범 우리은행 홍보부 차장은 “상생금융부는 관(官)의 요청 없이 은행의 선제적 대응으로 일궈낸 결실이라는 점에서 다른 은행의 상생 금융 조직과 다른 의미를 갖는다”며 “상생금융부 신설로 전세 사기 피해 지원 방안도 신속히 마련할 수 있었다”고 평가했다.우리은행은 앞으로 상생금융 관련 지원을 더욱 확대할 계획이다. 주거 안정 지원 대책과 더불어 정부에서 추진하는 경매 유예 프로그램 등 전세 사기 피해자 지원 대책에도 적극 동참한다. 박 차장은 “이를 통해 국민들의 경제적 고통을 분담하고 완화하는 데 도움이 되리라 기대한다”고 밝혔다."
2023.06.16.,"[IT이슈] KT, 신한은행과 임직원 대상 공모전 ‘2023 UNIQUERS’ 진행 등",url없음,<네이버 기사 없음>
2023.06.13.,상생 아이디어로 훈장 … 신임 우리은행장 기업금융 장점 빛낼 듯[CEO 라운지],https://n.news.naver.com/mnews/article/024/0000082636?sid=102,"조병규 우리은행장 내정자64일.우리금융지주가 차기 우리은행장 낙점에 들인 시간이다. 우리금융지주는 올해 2월 신임 임종룡 회장을 선임한 후 차기 행장 공모 절차에 들어갔다. 내외부 인사 여럿이 거론된 가운데 조병규 현 우리금융캐피탈 대표(58)가 은행장으로 선임됐다.우리금융지주 관계자는 “조 후보자는 우리금융을 기업금융 강자로 도약시키겠다는 임종룡 회장과 원팀을 이뤄 우리은행의 기업금융 영업력을 극대화하고 계열사 간 시너지를 최대한으로 이끌어낼 수 있는 적임자로 평가됐다”고 밝혔다. 1965년생/ 관악고/ 경희대 경제학과/ 1992년 상업은행 입행/ 경영기획그룹 부행장/ 기업그룹 집행부행장/ 우리금융캐피탈 대표/ 우리은행장 내정자(현)조 내정자는 1965년생으로 서울 관악고와 경희대 경제학과를 졸업했다. 1992년 우리은행에 입행해 중소기업전략부 부부장 등 기업금융 관련 업무를 수행했다. 상일역 지점장, 본점기업영업본부 기업지점장으로 영업 현장에 있었으며, 2014년부터는 대기업심사부장, 전략기획부장 등 본부 부서장에 임명됐다. 2017년 강북영업본부장을 맡았으며, 2018년 임원으로 승진해 준법감시인, 경영기획그룹 집행부행장, 기업그룹 집행부행장 등을 역임했다. 기업금융, 경영기획, 준법감시, 대기업심사, 영업 등 다양한 업무 경험과 전문성을 갖추고 있다.특히 그의 수상 경력 중 은탑산업훈장을 받은 내용이 눈길을 사로잡는다. 지난해 12월 중소벤처기업부는 코로나19로 인한 경기 침체, 중소기업 자금난을 해결하기 위해 다양한 중소기업 지원 정책을 시행한 공로를 인정해 조 내정자에게 중소벤처기업 금융지원상 은탑산업훈장을 수여했다.상을 받게 된 배경에서 조 내정자의 진가를 일부 알 수 있다. 그는 대내외에서 ‘기업금융 영업리더’로 정평이 나 있다. 이런 명성을 얻게 된 이유는 기업 고객에 맞춤 서비스를 제공해서다. 특히 ‘원비즈플라자’ 설립이 대표 사례다. 지난해 우리은행은 원비즈플라자를 본격 가동했다. 코로나19 이후 국내 중소기업 입장에서는 국내외 원자재 수급, 물품 구매, 계약, 발주 등 공급망 관리의 어려움이 가중되던 터였다. 조 내정자는 우리은행 기업 고객에 이 같은 공급망 관리 서비스는 물론 은행 인터넷뱅킹 연계 등 금융 서비스, 경영 지원 서비스 등을 한곳에서 제공하면 어떨까 아이디어를 냈다.실제 가동에 들어가자 많은 기업 고객이 만족해했다. 여세를 몰아 우리은행은 지난해 원비즈플라자를 은행 부수 업무로 신청하기에 이르렀다. 부수 업무란 금융 외 신사업에 진출하려는 은행이 금융감독당국에 허가를 얻어 합법적으로 뛰어드는 본업 외 사업을 뜻한다.조 내정자는 당시 “원비즈플라자 회원사를 대상으로 공급망 지원뿐 아니라 디지털 전환을 위한 경영, 세무, 회계, 법률, ESG 등 전문가 영역의 서비스를 제공하는 등 기업 고객의 가려운 부분을 긁어주는 다양한 서비스를 제공해야 한다”고 강조했다. 특히 글로벌 네트워크가 취약한 중소기업 입장에서는 이런 기관을 반길 수밖에 없을 터. 이런 공로를 인정받아 훈장을 받았다는 후문이다.김석집 네모파트너즈POC 대표는 “고객의 숨은 수요를 잘 발굴하고 이를 활용해 은행 입장에서도 록인 효과(자물쇠 효과·단골 고객 만들기)를 기대할 수 있는 사업 모델”이라고 평가했다. 원비즈플라자는 ADB(아시아개발은행) 연차총회에서 상생 금융과 동반 성장을 구현한 사례로 극찬을 받았다. (우리은행 제공)원비즈플라자는 해외에서도 주목받았다. 최근 아시아개발은행 연차총회에서 원비즈플라자는 상생 금융과 동반 성장을 구현한 사례로 극찬을 받은 바 있다.이런 현장형 아이디어를 내고 실행까지 마무리할 수 있었던 이유는 조 내정자가 기업금융 현장에서 잔뼈가 굵어서다.“조 내정자의 영업 경력에는 ‘1등’이라는 수식어가 늘 붙어 다녔다. 지점장 초임지였던 상일역지점을 1등 점포로 만들었고, 본점기업영업본부에서도 1등 기업지점장으로 선정됐다. 또한 강북영업본부장을 역임하면서도 해당 영업본부를 1등으로 이끌었다. 이후, 기업금융 전문가로서 능력을 인정받아 대기업심사부장, 기업그룹 집행부행장을 거치게 됐다.”우리금융지주 관계자 설명이다.이는 기업금융 강자로 우리금융을 도약시키겠다는 임종룡 회장의 비전과도 맞아떨어진다. 더불어 그는 전략, 내부통제까지 다양한 역량을 두루 겸비해 균형감 있는 경영 능력을 발휘할 것이라는 평가도 받는다. 2018년 준법감시인에 선임, 2년간 우리은행 준법감시 체계를 확대 개편한 이력 덕분이다. 그는 2019년 자금세탁방지부를 자금세탁방지센터로 승격시키고 국내 은행 최초로 KYC 제도를 도입했다. 참고로 KYC 제도는 신분 확인 절차가 강화된 고객확인제도(Know Your Customer)를 뜻한다.우리금융지주 관계자는 “조 내정자가 영업을 위한 공격수 역할뿐 아니라 내부통제를 위해 뒷문을 걸어 잠그는 수문장 역할도 잘 수행할 거라고 기대하는 이유”라고 설명했다. 특히 미국 중소은행 부실 여파가 한국 금융계에도 파장을 미치는 것 아니냐는 우려가 높은 요즘인 만큼 조 내정자의 ‘리스크 관리’ 리더십이 높은 평가를 받을 수 있지 않겠냐는 예측이다.글로벌 진출·리스크 관리 숙제 물론 숙제도 있다.우리은행은 현재 각종 ‘법률 리스크’에 놓여 있다. 단순히 전임 CEO와 금감원 간 소송 외에도 우리은행 자체로도 사모펀드 불완전판매 의혹, 기관조치 관련 소송 등 각종 현안이 쌓여 있다. 새로이 자리에 오른 수장이 이 같은 법률 리스크를 얼마나 금융감독당국과 조율하며 슬기롭게 풀어낼지가 관전 포인트다.고질적인 한일, 상업은행 출신 간 갈등 문제도 풀어야 할 과제 중 하나다. 최근에는 신규 임원 중 우리은행 공채 출신이 이름을 올리는 등 과거에 비해 갈등 요소가 적어질 여지는 있다. 그래도 여전히 갈등 요소가 있는 만큼 조 내정자의 ‘능력 위주’ 인재 등용책은 어떤 방향일지 궁금해하는 이가 많다. 참고로 조 내정자는 상업은행 출신이다.은행의 근본 체질 개선도 그의 앞에 놓인 숙제 중 하나다. 우리은행은 한때 순익 기준 2~3위를 차지하던 유서 깊은 ‘전통의 강호’다. 그런데 최근 하나은행에 이어 NH농협은행에도 한때 순이익에서 밀리는 등 예전과 같은 강력함을 보여주지 못하고 있다. 특히 과거 증권사 보유 시절 IB업계에서 시너지 효과를 내며 비이자이익(예금·대출·카드 수수료, 외환 거래 이익, 투자 이익 등)을 올리던 시절 대비 기초체력이 약해졌다는 평가를 받고 있다.물론 조 내정자의 핵심 장점 중 하나인 기업금융 경쟁력은 여전히 살아 있는 만큼 임종룡 회장과 발맞춰 그룹 시너지 효과를 어떻게 낼지도 세간의 이목이 집중된다. 당장 눈앞에 놓인 지상 과제는 글로벌 진출 확대, 디지털 전환 가속화가 될 것으로 보인다.시장 반응은 긍정적이다.은경완 신한투자증권 애널리스트는 “우리금융지주는 경쟁 은행과 유사한 수익성을 보유했음에도 가장 낮은 밸류에이션에서 거래 중”이라며 “신임 회장 취임과 자본비율 상승으로 대부분 리스크 요인이 해소됐고 높아진 자본력과 경영진의 강한 의지를 고려하면 관련 기대감을 갖기에 충분해 보인다”고 평가했다.[본 기사는 매경이코노미 제2213호 (2023.06.14~2023.06.20일자) 기사입니다]"
2023.06.01.,[브리프] KB국민은행 신한은행 우리은행 IBK기업은행 外,url없음,<네이버 기사 없음>
2023.06.23.,"NH농협은행, 화석연료 투자에 SW 사용료 먹튀 논란까지…상생금융 뒷전",url없음,<네이버 기사 없음>
2023.06.01.,"우리은행, 원화 후순위채권 4,000억원 발행 성공",url없음,<네이버 기사 없음>
2023.06.15.,[금융 단신] KB국민은행·우리금융·IBK기업은행 外,url없음,<네이버 기사 없음>
2023.06.02.,"[함께가자 우리ESG] 우리은행, 빅데이터로 서울시 청년 문제 해결 지원 앞장",url없음,<네이버 기사 없음>
2023.06.16.,"신한은행, 은행 브랜드평판 6월 빅데이터 분석 결과 1위 기록",url없음,<네이버 기사 없음>
2023.06.21.,"KB는 어린이·취약층, 신한은 병원·대학…""은행 사회공헌 특색있네""",url없음,<네이버 기사 없음>
2023.06.13.,"은행권 헌혈 릴레이···신한은행, 23년째 혈액 기부",url없음,<네이버 기사 없음>
2023.06.09.,공공기관 주도로 5월에 ESG 채권 6.3조원 발행,url없음,<네이버 기사 없음>
2023.06.02.,"우리은행, 원화 후순위채권 4000억 원 발행 성공",url없음,<네이버 기사 없음>
2023.06.13.,"신한은행, 최근 4,5월 ESG 경영 관심도 1금융권 1위…KB국민은행 뒤이어",url없음,<네이버 기사 없음>
2023.06.14.,"[2023 ESG 파워기업] 우리금융, 상생금융 중심으로 ESG경영 박차",url없음,<네이버 기사 없음>
2023.06.01.,[오늘의 은행가 소식]카카오뱅크 外,url없음,<네이버 기사 없음>
2023.06.14.,[오늘의 은행가 소식]BNK경남은행 外,url없음,<네이버 기사 없음>
2023.06.07.,ESG 채권 발행 열풍 식었나?…시장 환경 변화에 '주춤',url없음,<네이버 기사 없음>
2023.06.05.,"[주간 ESG] 6월 1주, K-ESG지수 소폭 상승",url없음,<네이버 기사 없음>
2023.06.16.,[금융업계기상도]NH농협은행 ‘맑음’·케이뱅크 ‘구름조금’,url없음,<네이버 기사 없음>
2023.06.15.,"[브랜드평판] 저축은행 2023년 6월 빅데이터 분석결과...1위 SBI저축은행, 2위 OK저축은행, 3위 웰컴저축은행",url없음,<네이버 기사 없음>
2023.06.02.,[금융업계기상도]KB국민은행 ‘맑음’·케이뱅크 ‘구름조금’,url없음,<네이버 기사 없음>
2023.06.01.,"닥사, 내부통제기준·윤리행동강령 마련 外 우리은행·케이뱅크 [쿡경제]",url없음,<네이버 기사 없음>
2023.06.13.,[금융 단신] IBK기업은행·우리은행·NH농협은행 外,url없음,<네이버 기사 없음>
2023.06.05.,"손실흡수능력 필요성 커진 은행권, 우리은행 등 선제적 자본확충 나서",url없음,<네이버 기사 없음>
2023.06.30.,금융권 2022년 지속가능경영 활동 보고서 잇달아 발간,url없음,<네이버 기사 없음>
2023.06.08.,"[함께가자 우리ESG] 우리다문화장학재단, 다문화 자녀 600명에게 11억 5천만원 전달",url없음,<네이버 기사 없음>
2023.06.05.,"[위클리오늘] 은행·보험사, 1분기 순익 '12조원' 돌파…'상생금융 확대' 필요성 커져",url없음,<네이버 기사 없음>
2023.06.02.,[지구를 지켜라③] 자금 투자에 ‘친환경·ESG’ 개입시키는 금융사…직간접 투자로 환경 문제 개선에 동참,url없음,<네이버 기사 없음>
2023.06.01.,"[은행가소식] 우리금융, 동서트레일 '우리금융길' 개통",url없음,<네이버 기사 없음>
2023.06.08.,"우리금융, 이색 ESG경영 눈길…아름다운 '우리금융길' 조성",url없음,<네이버 기사 없음>
2023.06.02.,"[#금융톡톡] 기업은행 RE100 펀드 금융주선·우리은행, 서울시와 빅데이터 MOU·신협중앙회 현충원 묘역 정비 봉사·국민은행 '대한이 살았다' 영상 공개",url없음,<네이버 기사 없음>
2023.06.30.,"닮은 듯 다른… 진옥동 100일, 임종룡 100일",url없음,<네이버 기사 없음>
2023.06.02.,은행권 후순위채 발행 봇물...노림수는?,url없음,<네이버 기사 없음>
2023.06.01.,"[더벨][금융권 혁신성장 포커스]우리금융, 비은행 경쟁력 강화 '열쇠' 벤처파트너스",url없음,<네이버 기사 없음>
2023.06.29.,'100일 취임 동기' 진옥동·임종룡…실적·포트폴리오 과제,url없음,<네이버 기사 없음>
2023.06.01.,숲길 '동서트레일' 시범구간 20㎞ 완공…울진에서 개통,https://n.news.naver.com/mnews/article/003/0011892130?sid=102,"[안동=뉴시스] 동서트레일 노선. (경북도 제공) 2023.06.01 *재판매 및 DB 금지[안동=뉴시스] 류상현 기자 = 한반도의 동쪽과 서쪽을 연결하는 '동서트레일' 시범구간이 완공돼 1일 울진 근남면 한티재 정상에서 개통행사가 열렸다. 동서트레일은 경북 울진군에서 충남 태안군까지 5개 시·도 849km를 횡단해 연결하는 최초의 숲길이다.경북 구간은 275km로 전체의 32%를 차지해 대상 시·도 가운데 가장 길다.최동단 울진 구간 중 시범구간 20km가 우선 준공돼 이날 개통됐다.이번 행사에는 남성현 산림청장, 이달희 경북도 경제부지사, 울진군수, ESG 자금을 조달한 우리금융을 대표해 우리은행장 등과 유관기관 관계자, 울진군민들이 참석해 시범구간을 함께 걸었다.한티재는 옛날 울진에서 과거를 보러 한양으로 가는 첫 번째 고개로 전해지고 있으며 최동단 망양정에서 시작되는 시범구간 중 본격적인 숲길 구간으로 금강소나무 군락지와 더불어 불영계곡으로 이어지는 천혜의 생태계 보고이다. [안동=뉴시스]  울진 근남면 한티재 정상에서 '동서트레일' 시범구간이 완공돼 1일 개통행사 후 이달희 경북도 경제부지사 등 참가자들이 숲길을 걷고 있다. (사진=경북도 제공) 2023.06.01 *재판매 및 DB 금지이번 행사를 시작으로 국민들에게 시범구간이 우선 개통되면서 울진이 동서트레일 최동단 시작점이라는 상징적 의미와 더불어 지난해 봄 대형 산불 피해로 침체돼 있는 지역사회에 활력이 될 수 있을 것으로 기대된다.경북도는 특히 기업의 ESG 자금이 투입돼 지방과 더불어 상생하는 의미 있는 사례가 됐다고 밝혔다. 이달희 경북도 경제부지사는 ""금강송림 등 산림자원의 보고이며, 수려한 경관을 가진 울진에 동서트레일 시범구간이 우선 조성된 것은 매우 가치 있는 일""이라며 ""동서트레일이 국민들의 산림 치유 명소로 거듭나고 지역경제 활성화에도 기여할 수 있기를 기대한다""고 말했다."
2023.06.30.,"[ICT 뉴스브리프] SKT, UAM 기체 제작사 美 조비 1억달러 투자 外",url없음,<네이버 기사 없음>
2023.06.27.,“돈 안 들이고 걷기만 했는데 ‘110억’ 기부” 삼성도 꽂혔다,https://n.news.naver.com/mnews/article/016/0002161857?sid=105,"HK이노엔 직원이 걷기 캠페인에 참여하고 있다. [HK이노엔 제공][헤럴드경제=고재우 기자] “얼마나 걸었는지 확인도 편하고, 기부도 할 수 있다니 좋아요.”돈을 들이지 않고도 ‘선한 소비’를 할 수 있다. 써야 할 건 ‘시간’과 ‘몸’뿐이다. 무작정 걷다 보면 ‘걸음 수’가 쌓이고, 이는 이용자가 원하는 캠페인에 기부할 수 있는 ‘원동력’이 된다.걷는 것만으로 기부에 참여할 수 있다는 ESG(환경·사회·지배구조) 콘텐츠 플랫폼 ‘빅워크’ 이야기다.이미 삼성, 현대 등 유수의 기업이 ESG 일환으로 빅워크와 협력 중이다. 기업으로서는 ESG 가치 홍보를 통해 이미지 제고 등을 할 수 있고, 임직원 및 참여자들은 선한 소비를 했다는 자부심을 느낄 수 있다.빅워크 앱에서 업체들의 캠페인 및 목표치 달성 여부 등을 확인할 수 있다. [빅워크 앱 화면 캡처]국내 모바일 데이터분석 플랫폼 모바일인덱스에 따르면 지난달 빅워크 월간사용자수(MAU)는 11만2089명에 달한다. 운동·피트니스 분야 앱 중에서는 적지 않은 수치다.빅워크는 걷는 것만으로 기부에 참여할 수 있는 앱이다. 이용자의 한 걸음은 각자의 ‘선호도’에 따라 다양한 캠페인에 기부된다. 기업의 캠페인 의뢰→빅워크 플랫폼 제작(플랫폼 이용료 1개월 기준 약 500만원)→임직원·이용자 등 걸음 수 목표치 달성→업체가 약정된 기부금을 내는 등의 과정을 거친다.캠페인 목표치에 도달하면 기업이 빅워크를 거치지 않고 직접 NGO 단체 등에 기부금을 집행한다.예를 들어 HK이노엔은 임직원·일반인 등을 대상으로 한 달간 ‘걸음엔 이노엔4(대한민국을 가볍게)’라는 캠페인을 진행 중이다. 이들이 목표 걸음 5억보를 이용자들로부터 모으면 회사가 소아비만으로 어려움을 겪는 아동들에게 5000만원의 장학금을 지원하는 식이다.삼성전자의 경우 ‘사랑의 걷기 1/2’이라는 이름으로 2021년 4월 19일부터 같은 해 10월 22일까지 ‘두 차례’ 캠페인을 진행했다. 두 차례 모두 목표치는 ‘10억보’였는데 각각 15억1306만3923걸음(151%), 13억3720만8129걸음(133%) 등 초과 달성됐다.삼성전자, HK이노엔, 현대자동차, 우리은행, 종근당, 동아ST 등 152개 기업에서 ‘약 110억원’을 모금했다.장태원 빅워크 대표. [본인 제공]아울러 빅워크는 기부 1회당 ‘1만보’로 제한을 둔 것과 관련해 “잦은 기부를 통해 기부가 삶 속에 녹아들게 하기 위한 것”이라고 설명했다. 특정 캠페인에 몇 번을 참여해도 상관없지만 기부 자체가 일상에서 생활화되길 바란다는 것이다.장태원 빅워크 대표는 “하루에 기부할 수 있는 ‘양’을 제한한 것이 아니라 ‘1회당’ 기부할 수 있는 양을 제한한 것”이라며 “회사는 이용자들이 기부를 했을 때 만족감을 느끼는 것을 목표로 하고 있고, 이런 잦은 기부가 삶 속에 녹아들기를 바라는 것”이라고 설명했다."
2023.06.23.,"우리금융, '디노랩 4기' 14개 스타트업 선발",url없음,<네이버 기사 없음>
2023.06.28.,"만세 함성 울려퍼진 그 길, 피란민 허기 달랜 국수…구포를 향유하다",https://n.news.naver.com/mnews/article/658/0000045037?sid=103,"부산문화재단 ESG 캠페인 <下> 구포만세길- 첫 민족계 지방은행 ‘구포은행’- 역 인근 우리은행 자리서 태동- 테마거리엔 만세주역 얼굴 가득- 그날의 1000명 외침 들리는 듯- 시장 입구 눈에 띄는 일식 건물- 옛 기로사는 경로당으로 변신- 여러 곽 에워싸인 구포왜성 등- 걸음마다 이야기가 한 보따리부산문화재단의 ESG 문화예술 캠페인인 ‘보행친화·문화예술의 삶에 나를 더하는 걷기 여행’(나를 더하는 걷기 여행). 지난 11일 진행된 ‘나를 더하는 걷기 여행’의 코스는 구포만세길이었다. 부산도시철도 3호선 구포역에서 만나 구포장터 3·1운동 기념비, 옛 구포다리 터를 둘러본 뒤 구포만세길과 구포성당, 구포시장을 거쳐 의성산의 구포왜성에서 일정을 마쳤다.부산문화재단의 ESG 문화예술 캠페인 ‘보행친화·문화예술의 삶에 나를 더하는 걷기 여행’ 참여자들이 지난 11일 코레일 구포역 부근 구포만세길을 걷고 있다. 오광수 기자 inmin@kookje.co.kr부산 북구 구포동의 ‘구포(龜浦)’는 말 그대로 ‘거북 포구’를 뜻한다. 낙동강을 향해 물을 마시려고 머리를 쭉 내민 거북을 떠올린다고 해서 붙여졌다는 설이 있다. 지금의 구포동, 덕천동 일대는 구포나루를 중심으로 수운이 발달했다. 구포나루의 감동진은 경북 상주의 낙동진, 경남 합천 밤마리나루와 함께 낙동강의 3대 나루였다. 조세창고(감동창)도 있던 물류의 중심지였다. 부산항의 근대개항(1876년) 이후 낙동강 수운을 이용해 부산과 경상도 내륙의 물자를 연결하는 곳이었다. 낙동강을 따라 수많은 곡물이 들고나갔으니 정미업과 제분업, 객주업이 발달했다. 1912년 우리나라 최초 민족계열 지방은행인 구포은행이 구포에 자리 잡은 것은 이러한 상업적 입지 조건과 상업 자본의 형성을 배경으로 가능했다.▮ 구포다리·구포은행의 기억이날 ‘나를 더하는 걷기 여행’의 첫 번째 장소는 도시철도 구포역 부근 구포장터 3·1운동 기념비. 이곳으로 일행을 안내하면서 박찬석 해설사(북구 낙동문화원 향토사연구소 연구위원)가 구포나루와 구포장을 설명해 준다. 도로 맞은편에 있는 우리은행 구포지점에 관한 얘기도 빠뜨릴 수 없다. 그곳이 구포은행의 전신인 구포저축주식회사와 맞닿아 있는 까닭이다. 구포저축주식회사의 창립총회는 1909년 1월 15일 구포시장 내 사무실에서 열렸다. 구포의 유지인 윤상은과 장우석이 구포저축주식회사 설립을 주도했다. 구포저축주식회사는 1912년 구포은행으로 바뀐다. 회사령(1910)과 은행령(1912)으로 기존 유사은행은 대부업과 은행업을 할 수 없었기 때문이다. 구포은행으로 바뀌었을 때 주주는 종전의 구포에서 부산부의 일본인 중심으로 재편된다. 일본인 주주 가운데 하자마 후사타로(迫間房太郞), 오이케 추스케(大池忠助)도 눈에 띈다. 이는 지역 조선인 경제의 한축이던 구포가 점차 일본인 경제를 대변하는 부산부 상권 중심으로 옮아갔음을 의미한다. 당시 구포지역 조선인 상권 내리막길의 서막이었다.이런 생각을 하는 사이 옛 구포다리 사진 패널들 앞에 서 있다. 구포다리가 어떻게 생겨나고 사라졌는지를 사진과 함께 보여주고 있다. 1932년 12월 구포와 대저를 잇는 구포다리가 완공되면서 대저지역은 더는 섬이 아니었다. 낙동강에 들어선 최초의 다리인 구포다리의 길이는 1060ｍ. 다리 건설 당시 신문에는 ‘아시아에서 가장 긴 다리’라고 보도됐다. 다시 도시철도 구포역으로 돌아와 코레일 구포역으로 넘어간다. 뒤돌아보니 도시철도 구포역의 역사 꼭대기에 장대 같은 구조물이 여럿 있다. 박찬석 해설사는 “구포나루 황포돛배의 돛대를 형상화한 것”이라고 설명했다.▮ 만세운동에 상인 많은 까닭부산 북구 구포동에 유일하게 남아 있는 일제강점기 일본식 가옥.본격적으로 구포만세 역사테마거리를 걷는다. 테마거리의 벽 곳곳에는 구포를 대표하는 인물들의 사진이 걸려 있다. 만세운동 주도 인물에서 경제인까지 다양하다. 1919년 3월 29일 시작된 구포 만세시위의 규모는 1000명 정도로, 부산지역 만세시위 규모 중 가장 컸다. 구포 만세시위로 체포된 인물들을 직업별로 보면 농업이 43%로 가장 많고 그다음은 미곡상 등 곡물상이 26.2% 달했다. 여타 상인까지 포함하면 상인층이 33.3%나 된다. 만세 시위 과정에서 상인층의 역할이 결정적이었다는 것을 보여준다. 이는 식민 통치로 일본인 상권에 의해 구포의 조선인 상권이 주변부로 내몰리던 것과 연관이 있는 듯하다.구포만세길에서 구포국수체험관과 제면소, 문화예술플랫폼을 잇달아 만난다. 한국전쟁 무렵 구포장 일대에서 생산돼 피란민의 허기진 배를 채워줬던 게 구포국수였다. 철도 아래 지하도로 건너간다. 구포성당으로 가는 길에 구포기로사(龜浦耆老社)를 만난다. 지금은 경로당으로 쓰이고 있다. 1918년 창립된 구포기로사는 동래기영회와  비슷한 성격이라고 박찬석 해설사는 말했다. 지역사회의 정신적 지주 역할을 한 곳이다. 어느새 구포성당이다. 성당 건물이 배 모양이다. 구포나루를 드나들던 황포돛배가 아니라 노아의 방주를 형상화한 것이다. 구포성당 맞은편에 자리 잡았던  구포1동 행정복지센터 터에서는 지역자치센터 및 지역아동센터 건립 공사가 한창이다. 신축공사 관계로 이곳에 있던 ‘이유하 축은제비’도 다른 곳으로 잠시 옮겨놓았다. 물난리가 잦은 구포의 대리천에 제방을 쌓은 이유하 양산군수(1808∼1810 재임)의 은혜에 보답하기 위해 지역민이 세운 비석이다.길을 다시 재촉한다. 구포시장에 닿기 전 일본식 건물 한 채가 눈에 들어온다. 구포 일대에 유일하게 남아 있는 일제강점기 일본식 건물이라고 한다. 건립 당시부터 건물 1층은 상점으로, 2층을 주거시설로 활용했는데, 지금도 마찬가지다.▮ 덕성초교 일대에 있던 기찰구포왜성에서 해설사의 설명을 듣고 있는 걷기 여행 참여자들.구포시장 먹자골목을 지나 구포왜성이 있는 의성산으로 향한다. 도로 표지판을 보니 ‘기찰로’가 눈에 띈다. 기찰은 검문하는 것을 뜻한다. 조선 후기 지금의 부산에 ‘기찰’은 두 곳에 있었다.  하나는 구포에서 낙동강을 건너 김해로 향하는 길목에 있었다. 또 다른 하나는 동래에서 양산으로 가는 곳에 있었다. 전자는 지금의 북구 덕천2동 덕성초교 일대에 있던 구법곡(九法谷) 기찰이다. 후자는 십휴정(十休亭) 기찰로, 지금의 금정구 부곡동에 있었다. 금정구 부곡동에는 그 흔적이 기찰마을로 남았는데, 북구 덕천2동에는 도로명으로만 전해진다.부산실내빙상장 및 북구문화예술회관에서 북이교를 건너 의성산으로 향한다. 구포왜성으로 가는 길이다. 구포왜성은 임진왜란 발발 1년 뒤인 1593년 7월 세워진 것으로 전해진다. 낙동강 수로 확보와 부근 김해와 양산지역 왜성과 연락하거나 지원을 하기 위해 쌓았다. 2006년 동아대 박물관이 빙상장 건립 부지 내 왜성 외곽부에 대해 발굴조사를 해 일부 구조가 확인됐다. 중심주인 천수각을 중심으로 여러 곽이 에워싸는 모양새이다. 발굴 조사에서 토축부, 호구(虎口, 출입구) 등이 확인됐다. ‘호구’는 흔히 바둑에서 유래한 것으로 알려졌는데, 왜성에도 있다. 출입구 역시 곽으로 둘러싸이는 식이어서 이곳에 들어서면 꼼짝없이 ‘범의 아가리’에 갇히는 격이다. 다양한 이야기보따리와 함께 이번 걷기 여행을 구포왜성에서 마무리한다.※공동기획 : 부산문화재단·국제신문·(사)걷고싶은부산"
2023.06.25.,'리딩뱅크 갈길 먼' 진옥동 …'민간에 관치 이식한' 임종룡,https://n.news.naver.com/mnews/article/009/0005149109?sid=101,"취임 100일 맞은 금융수장 2人진옥동 신한금융 회장과 임종룡 우리금융 회장이 이번주에 취임 100일을 맞았다. 이들은 전 회장이 연임할 것이라는 금융권 예상을 깨고 올해 3월 국내 4대 금융지주인 신한금융과 우리금융 최고 수장으로 선임됐다. 취임 이후 '일본통' 진 회장은 민간 차원의 한일 관계 복원에 앞장섰고, '금융 관료 출신' 임 회장은 올해 금융권에서 화두인 '상생금융'을 선도적으로 이끌어나갔다는 호평을 받고 있다. 반면 이들의 앞날에 놓인 과제도 만만찮다. 올 1분기 KB금융에 이어 2위 금융지주로 주저앉은 신한금융은 리딩뱅크 탈환이라는 험난한 과제를 떠안고 있다. 민영화 과정에서 증권·보험 등 비은행 핵심 계열사를 상실한 우리금융은 다시 인수·합병(M&A)을 통해 비은행 포트폴리오를 채워넣어야 한다.25일 금융권에 따르면 진 회장과 임 회장은 각각 오는 30일과 다음달 1일에 취임 100일을 맞는다.진 회장은 지난해 12월 8일 신한금융 회장후보추천위원회에서 예상을 깨고 차기 신한금융 회장 후보로 선정된 뒤 올해 3월 23일 주주총회에서 최종 선임됐다.임 회장은 올해 2월 3일 우리금융 임원후보추천위원회에서 치열한 경합 끝에 차기 우리금융 회장 후보로 정해진 뒤 지난 3월 24일 주총 문턱을 넘어섰다.전임 회장들이 '보이지 않는 손'의 퇴진 압력을 받고 자진 사퇴 형식으로 물러나 이들은 회장직에 오를 수 있었다. 이 때문에 취임 전 향후 행보에 대한 시장 반응은 '기대 반, 우려 반'이었다.취임 100일을 앞둔 현재까지 금융권 평가는 우선 '호평'이 앞선다.신한은행에서 근무하며 일본 내에서 주요 경력을 쌓아온 진 회장은 이번 정부 들어 민간 차원의 한일 관계 복원을 위해 공들여왔던 점이 눈에 띈다.지난 4월에는 취임 이후 첫 해외 기업설명회(IR)를 일본에서 개최해 양국 무역 정상화 지원책을 모색했다. 신한은행장 재직 시절 설립한 '신한 퓨처스랩 재팬'을 통해 양국 스타트업의 상호 진출을 위한 기반도 만들었다. 다음달에는 전국경제인연합회와 게이단렌이 주최하는 '한일 산업협력 포럼'에도 참석해 한일 간 경제 교류 활성화에도 나선다. 또 진 회장은 ESG(환경·책임·투명경영) 금융에도 적극적이다. 그는 평소 ""선진국에서 이미 ESG를 충족하지 못하는 금융은 퇴출되고 있어 이에 대한 대비가 시급하다""고 역설하고 있다. 이를 위해 국제금융공사, 유엔환경계획 등 ESG 관련 국제기구와의 협업에도 나섰다. 이 밖에 모든 대출 고객 금리 인하 등 선제적 상생금융에도 힘써왔다는 것이 금융권 평가다.임 회장에 대해선 오랜 민·관 경험에 기반한 판단 덕분에 우리금융이 업계 내 이슈 주도력을 회복해가고 있다는 평가가 나온다. 금융권 관계자는 ""KB·신한금융의 1위 싸움 속에서 우리금융은 존재감이 약했는데 최근 일부 이슈에서 먼저 치고 나오고 있다""고 말했다. 다른 금융권 인사는 ""금융당국 수장 출신이라 현 흐름에서 무엇을 내놓아야 하는지를 잘 알고, 아이디어도 많다""고 평가했다.특히 초반 상생금융 쪽에서 두각을 나타냈다. 고객에게 연간 2050억원 규모의 혜택을 지원하는 '상생금융 3·3 패키지'를 발표했고, 오는 29일 우리카드 행사에 맞춰 추가로 상생 보따리를 풀 예정이다.이원덕 우리은행장 후임 인선 과정에선 은행장 선정 프로그램을 처음 도입했다. 그 결과 최종 후보군에 상업은행 출신 두 명이 올라가 서로 경쟁을 벌였고, 조병규 전 우리금융캐피탈 대표가 신임 행장으로 내정됐다.반면 이들에게 남겨진 과제도 상당하다. 3년 임기 중 아직 9%에 불과한 시간이 지난 만큼 남겨진 91%의 시간은 '과제 해결의 시간'이다.우선 진 회장은 리딩뱅크 탈환이라는 과제에 직면해 있다. 지난해 신한금융은 잠정치 기준 당기순이익이 4조6423억원을 기록하며 금융지주 1위를 차지했지만, 올 1분기에는 당기순이익 1조3880억원을 기록하며 KB금융에 이은 2위로 내려앉았다. 비이자이익 부문이 다른 금융지주 대비 저조했고, 계열사 포트폴리오가 금리 인상기에 다소 불리하다는 약점도 드러났다. 또 라임펀드 사태 등을 겪는 과정에서 불거진 부실 내부통제에 대한 강화도 진 회장의 숙제다. 금융당국 관계자는 ""신한금융이 과거 사례를 반면교사 삼아 '책무구조도'에 따른 체계화된 내부통제 방안 수립을 빠른 속도로 진행하고 있는 것으로 안다""고 말했다.임 회장에게 주어진 숙제로는 우선 증권·보험사 M&A가 꼽힌다. 임 회장은 금융위원장 재직 시절 우리금융 민영화를 추진하며 원활한 매각 작업을 위해 비은행 계열사 분리 매각을 성사시켰다. 당시에는 옳다고 판단한 선택이었지만, 비은행 계열사의 중요성이 높아진 현시점에 이를 다시 담아야 하는 것이 그의 주요 과제가 됐다.민관을 두루 섭렵한 임 회장이 민간 금융사 '관치'를 심화시킨다는 지적도 나온다. 우리금융의 선제적 상생금융이 호평을 받는 이면에는 ""우리은행이 아직도 정부 소유 국책은행처럼 보인다""는 비판의 목소리도 공존하고 있다. 새로운 행장 승계 프로그램이 임 회장에겐 성과인 동시에 리스크 요인이 될 수 있다는 시각도 있다. 차기 행장 내정자가 제대로 된 경영 성과를 내지 못할 경우 상업·한일 간 갈등에 따른 내부 봉합이 다시 불거질 우려마저 나온다. 임 회장이 강조한 '기업금융 명가' 회복도 구호가 아닌 구체적 성과로 이어져야 한다는 의견도 있다. 한 금융업계 인사는 ""우리금융이 다른 금융지주와 차별화된 기업금융 경쟁력을 갖고 있다는 느낌은 없다""고 봤다.[한우람 기자 / 채종원 기자]"
2023.06.26.,"""건설 수주 줄었는데 투자 증가"" 하반기 부동산 전망 세미나 열려",https://n.news.naver.com/mnews/article/417/0000930704?sid=101,"26일 한국건설산업연구원(이하 '건산연')은 '2023년 하반기 건설·부동산 경기전망 세미나'를 통해 건설·부동산 시장 현황을 점검하고 대안을 살펴봤다. 이날 세미나에는 박철한 건산연 연구위원과 김성환 부연구위원이 경기 전망에 대해 설명했다. 김재정 법무법인 화우 고문을 좌장으로 한 종합토론이 이뤄졌다./사진=정영희 기자 금리 인상과 원자재 가격 상승으로 부동산과 건설 시장이 빙하기를 맞은 가운데 한국건설산업연구원(이하 '건산연')이 올해 하반기 건설부동산 경기 전망을 발표했다. 경기 부양을 위해 마련해야 하는 대책은 무엇인지 분석하는 시간을 가졌다.26일 건산연은 오후 2시 서울 강남구 건설회관에서 '2023년 하반기 건설·부동산 경기전망 세미나'를 개최했다고 밝혔다. 건산연은 최근 국내 경제 상황에 대해 높은 물가에 대응한 정부의 건전 재정 방향과 고금리 상황의 지속, 대외 수출 부진으로 인한 경상수지 악화 등 전반적으로 경제 환경이 좋지 않은 것으로 분석했다.올해 들어 건설 경기 선행지표인 건설수주가 감소세를 지속하고 있으나 동행지표인 건설기성과 건설투자는 증가하는 등 이질적인 모습을 보여 시장에 혼선이 가중되는 모습이다. 부동산 시장에선 거래량 증가나 서울 일부 지역의 가격 상승 등 침체 분위기를 쇄신하는 지표가 나오는 한편 지방의 침체는 이어지고 준공 후 미분양도 증가세를 이어가는 등 지표가 엇갈리고 있다. 지난해 하방압력으로 작용했던 시장 외부 문제가 잔존하고 전세 보증금 관련 문제가 이어지는 등 시장의 어려움이 계속되는 상황에서 반등이 나타나 정확한 진단과 전망을 위해 세미나를 개최했다는 설명이다. 이날 세미나에선 박철한 건산연 연구위원은 올해 하반기 건설경기 전망을, 김성환 부연구위원은 주택·부동산 경기 전망을 발표한다. 종합토론에는 김재정 법무법인 화우 고문을 좌장으로 ▲최태섭 신동아종합건설 이사 ▲한제선 우리은행 주택기금부 연구위원 ▲황세운 자본시장연구원 선임연구위원 ▲김태훈 국토교통부 건설정책과 서기관 등이 참석한다.이충재 건산연 원장은 ""국가 산업으로서 건설업은 주어진 책임과 역할을 다하고 그동안 숱한 위기를 넘겨왔다""며 ""건설경기 침체는 단순히 한 업계의 수축이 아니라 경제 위기로 이어질 수 있기에 정부·기업뿐 아니라 국민 개개인이 모두 관심을 갖고 함께 대처해 나가야 한다""고 강조했다. 이어 ""특히 서로 뗄 수 없는 관계인 금융과 건설 사이 연결 고리나 ESG, 도시정비사업, 스마트 건설 등 다양한 분야에 대한 연구와 노력을 아끼지 않겠다""며 ""통상 건설업계에는 7년 주기로 위기가 온다고 하는데, 과거 풍파에 대한 면밀한 진단과 분석을 통해 대처 방안을 찾아 건설산업의 지속 가능한 성장과 발전을 목표로 할 것""이라고 말했다."
2023.06.23.,"우리금융, 스타트업 협력 '디노랩 4기' 14개사 선발",url없음,<네이버 기사 없음>
2023.06.26.,우리금융 '디노랩 4기' 14개 스타트업 선발,url없음,<네이버 기사 없음>
2023.06.26.,"금융지주 광고모델 젊은 연예인 전성시대, 더 젊고 더 발랄하게 MZ 겨냥",url없음,<네이버 기사 없음>
2023.06.24.,"우리금융, '디노랩 4기' 14개 스타트업 선발",url없음,<네이버 기사 없음>
2023.06.28.,"[증권소식] 금감원, '틸론' 증권신고서 2차 정정요구/NH투자증권, 상장 첫날 미수거래 제한 등",url없음,<네이버 기사 없음>
2023.06.25.,"우리금융그룹, '디노랩 4기' 14개 스타트업 선발",url없음,<네이버 기사 없음>
2023.06.21.,"[블록캐치] 증권플러스, 챗GPT 기반 AI 서비스 '우디' 출시 外",url없음,<네이버 기사 없음>
2023.06.12.,"CDP, 국내 기업 45곳에 ‘환경 데이터’ 공개 촉구한 이유는",https://n.news.naver.com/mnews/article/024/0000082597?sid=101,"탄소배출 정보공개 프로젝트(CDP·Carbon Disclosure Project)가 글로벌 금융기관들과 손잡고 ‘탄소 고배출 기업’ 1607곳에 환경 데이터 공개를 촉구했다. 이 중 셀트리온, 동국제강, 에코프로, 현대제철 등 국내 기업도 45개 포함된 것으로 나타났다. 국내 기업들을 향한 탄소중립 압박이 거세지는 모습이다.CDP는 최근 ‘비공개 기업 대상 캠페인(NDC·Non-Disclosure Campaign)’을 시작했다. NDC는 CDP와 아문디, 슈로더투자신탁운용, LIGM 등 글로벌 금융기관 288곳이 함께 진행하는 일종의 환경 캠페인이다. 글로벌 기업 중 탄소 고배출이 의심되는 기업에 ‘환경 데이터’ 공개를 요구하는 방식이다.CDP는 “투자자들이 기후 변화, 물 자원 관리 등 기업들의 환경 성과를 비교할 수 있도록 표준화한 데이터를 제출하라는 내용의 서한을 각 기업에 보낼 예정”이라고 밝혔다.올해 CDP 서한을 받게 될 기업은 총 1607곳이다. 이 중 국내 기업도 45곳 포함됐다. 유한양행, 우리은행지주, 티씨케이, 에쓰오일, 삼성중공업, 풍산, 펄어비스, 팬오션, 오리온, OCI, 넷마블, LX인터내셔널, LG생활건강, 엘앤에프, 크래프톤, 한국투자금융지주 등이다. CDP가 환경 데이터를 요구한 국내 기업 중 일부.기업들이 CDP가 요구하는 환경 데이터를 제출해야 할 의무는 없다. 다만 CDP뿐 아니라 글로벌 금융기관들이 요청하는 자료인 만큼 부담은 느낄 것이라는 게 ESG 업계 평가다. 향후 투자 유치, 자금 조달 측면에서 부정적 영향을 미칠 수 있기 때문이다. 실제 CDP는 금융기관과의 협업으로 실질적 효과를 누리고 있다고 강조한다. CDP 관계자는 “기업들이 환경 데이터 요청에 응할 가능성이 이전보다 2.3배 높아졌다”고 말했다."
2023.06.23.,우리카드 상생금융 출시 기념식에 이목 쏠리는 이유,url없음,<네이버 기사 없음>
2023.06.19.,"[6월의 AI ②] 데이터 기반 AI 개발, 비즈니스 성과 극대화하다",url없음,<네이버 기사 없음>
2023.06.19.,"삼성-LG-한화, 주요 사업군 '전문 인재' 양성 총력",url없음,<네이버 기사 없음>
2023.06.02.,"""고금리에 믿을만하니""…신종자본증권·후순위채 완판 행진",https://n.news.naver.com/mnews/article/018/0005499281?sid=101,"[존재감 커지는 채권개미]5월 금융권 자본성증권 총발행액 1.5조원높은 금리, 발행사의 높은 신용등급 등으로 완판“상품 구조 제대로 이해하고 투자해야”[이데일리 마켓in 박미경 기자] 최근 금융권에서 신종자본증권과 후순위채가 완판 행진을 이어가고 있다. 일반 회사채보다 금리가 높은 만큼 개인투자자들 중심으로 수요가 몰린 덕이다. 흥국생명의 콜옵션 미상환 사태와 크레디트스위스(CS)의 코코본드(신종자본증권·AT1) 상각(채권 손실) 사태 이후 자본성증권이 발행시장에서 자취를 감췄던 것과 대비되는 모습이다.1일 금융감독원 전자공시시스템에 따르면 지난 5월 발행됐거나 발행 예정인 금융권 자본성증권 발행액은 총 1조5160억원으로 집계됐다. △교보생명 5000억원 △KDB생명 2160억원 △농협금융지주 4000억원 △우리은행 4000억원 등의 순이다.통상 금융권 자본성증권은 5년 뒤 조기상환을 할 수 있다는 내용의 콜옵션 조항이 붙는다. 새로운 자본성증권을 발행해 차환하는 형태로 콜옵션을 이행하는데, 표면상 만기(10~30년)와 달리 시장에서 인식되는 만기는 5년이라는 걸 의미한다.지난해 11월 흥국생명이 콜옵션을 미행사하면서 자본성증권에 대한 우려가 커졌다. 또 지난 3월 UBS가 CS를 인수하는 과정에서 160억 스위스프랑(약 22조원) 규모의 코코본드를 전액 상각 처리하면서 국내 채권시장에도 긴장감이 돌았다.그러나 5월 초 교보생명의 신종자본증권 수요예측을 계기로 투자심리가 회복되기 시작했다. 교보생명은 기존 3000억원 규모로 발행 예정이던 신종자본증권을 수요예측 결과에 따라 5000억원으로 증액 발행했다. CS 코코본드 상각 사태 이후 국내 생명보험사가 발행하는 채권 중 최대 규모다. 교보생명의 수요예측 흥행으로 자본성증권 발행을 앞둔 금융사들이 부담을 덜었다는 평가다.IB업계 관계자는 “당시 CS사태 이후 투자심리가 얼어붙은 상황에서 보험업계가 신종자본증권을 대규모로 발행하는 첫 사례임에도 불구하고 생각보다 수요가 잘 모였다”며 “높은 신용등급과 해당 신종자본증권이 상각형 조건부자본증권(코코본드)에 비해 안정적인 점 등이 주효한 것으로 보인다”고 말했다.이날 신한라이프도 기존 2000억원 규모의 후순위채 수요예측에서 목표 금액의 두 배가 넘는 5020억원의 주문을 받으며, 이사회 승인 한도인 3000억원까지 증액 발행이 가능해졌다. 또 지난달 23일 우리은행은 기존 2700억원어치 환경·사회·지배구조(ESG) 후순위채 수요예측에서 목표 금액의 두 배가 넘는 6100억원의 주문을 받으며, 4000억원으로 증액 발행을 결정했다. 농협금융지주도 2700억원 규모 신종자본증권 수요예측에 3590억원의 주문이 들어온 데다 이후 추가청약 물량이 몰리며 당초 계획했던 4000억원 증액분에 대한 물량을 모두 채웠다.금융권 자본성증권이 인기를 끄는 배경은 주된 발행사가 안정성이 높은 금융사인 데다 금리 인상으로 발행금리가 높아진 점이 꼽힌다. 실제 농협금융지주의 신종자본증권, 우리은행의 후순위채는 각각 세전 연 5.2%, 4.98%로 5년 콜옵션 기준 발행금리가 세전 연 5%에 가까운 수준이다. 우리은행의 최종 발행금리는 10년 만기 국고채권 금리에 145bp(베이시스포인트, 1bp=0.01%포인트)를 가산한 수준으로, 최근 국고채 10년물 금리가 증권신고서를 제출한 지난 18일보다 10.6bp 오르면서 금리 매력은 더 커졌다.채권시장 관계자는 “코코본드는 금리가 높은 만큼 발행사가 만기 전에 마음대로 조기상환할 수 있으며, 이에 대한 보상으로 다른 상품보다 높은 금리를 제공하는 것”이라며 “목적 자체가 발행사의 자본 보강을 위한 상품이기 때문에 만약 발행사의 자본상태가 좋지 않을 경우 차환(조기상환, 신규 발행)이 어려워질 수 있어 상품 구조를 제대로 이해하고 투자해야 한다”고 꼬집었다."
2023.06.08.,[Who Is ?] 이복현 금융감독원 원장,url없음,<네이버 기사 없음>
2023.06.26.,"이재용 공들인 SSAFY, 'SW 인재 요람'으로 발전",url없음,<네이버 기사 없음>
2023.06.02.,"세계가 주목하는 동서트레일, 국민과 함께 걷는다",https://n.news.naver.com/mnews/article/018/0005499453?sid=103,"산림청, 경북 울진 금강송면 한티재서 개통식 및 걷기행사우리금융그룹 ESG기금으로 동서트레일 시범구간 첫 개통남성현 산림청장(오른쪽 첫번째)이 1일 경북 울진군 금강송면 한티재에서 열린 ‘동서트레일 시범구간 개통 및 걷기 행사’에서 이원덕 우리은행 은행장, 손병목 울진군수, 이달희 경상북도 경제부지사 등 참가자들과 숲길을 걷고 있다. (사진=산림청 제공)[울진=이데일리 박진환 기자] 산림청은 1일 동서트레일의 시작 구간인 경북 울진군 금강송면 한티재에서 시범구간 개통식을 열고, 한티재에서 하원리 야영장까지 4.4㎞ 구간을 걷는 걷기행사를 개최했다. 이날 개통식에는 산림청과 경상북도, 우리금융그룹, 울진군민, 임업단체, 동서트레일 담당자 등이 참여했다. 올해는 국토녹화 50주년인 해로 그간 국민과 산림종사자의 노고 덕택으로 가꾼 산림이 국민 1인당 연간 499만원의 공익적 혜택을 주는 울창한 산림으로 성장했다. 이에 산림청은 잘 가꿔진 산림을 활용해 국민이 잘사는 대한민국을 만들자는 취지에서 동서트레일 사업을 추진 중이다. 우리금융그룹은 8억원의 환경·사회·투명경영(ESG) 기금을 투입해 동서트레일 첫 구간을 완성했다. 이번 행사에는 지난해 3월 산불피해로 어려움을 겪고 있는 울진주민들과 우리금융그룹이 함께해 국민이 함께 만들어가는 동서트레일의 시발점이 된다는 점에서 그 의미가 크다. 이번에 개통되는 동서트레일 시범구간(제55구간)은 망양정에서 시작해 남사고 유적, 찬물내기, 불영계곡으로 이어진다. 이 구간은 다양한 산림의 생태·역사·문화적 가치를 경험할 수 있으며, 이 중 가장 걷기 좋은 코스는 한티재에서 아미사로 넘어오는 구간이다. 동서트레일 주변의 주민들은 숲길(트레일) 이용자들에게 임산물, 농산물 등을 판매할 수 있어 산촌경제 활성화에도 기여할 것으로 기대된다. 이날 남성현 산림청장은 “동서트레일 시범구간 조성으로 울진지역이 활성화되고 산촌마을의 소득향상에도 도움이 될 것”이라며 “동서트레일을 내국인은 물론 외국 관광객도 찾아오는 세계적인 트레일로 만들 것”이라고 말했다."
2023.06.19.,"우리카드, 인도네시아서 전기오토바이 전용대출 선봬",url없음,<네이버 기사 없음>
2023.06.24.,"[증권소식] ""그림자금융 높고 모바일 뱅킹 발달한 한국도 뱅크런 우려""/국민연금, 작년 수익률 역대 최저...성과급 51.1% 등",url없음,<네이버 기사 없음>
2023.06.01.,한반도 횡단 최초의 숲길 ‘동서트레일’ 울진 시범구간 개통,url없음,<네이버 기사 없음>
2023.06.01.,"[금융이슈] 하나금융, 미래에셋증권과 토큰증권 및 웹 3.0 관련 업무협약 체결 등",url없음,<네이버 기사 없음>
2023.06.02.,"64일간 4단계 평가, ‘이보다 투명할 수 없다’",https://n.news.naver.com/mnews/article/382/0001055019?sid=101,"우리금융, 은행장 선정 프로그램 통해 조병규 후보 최종 선발 전문가 심층인터뷰로 리더십 진단외부기관 다면평가로 도덕성 검증사업·경영계획 프레젠테이션 진행조 후보 “명가 부활 위해 혼신의 힘”최고경영자 선발 과정의 투명성을 제고하고자 도입한 우리금융의 은행장 선정 프로그램이 눈길을 끈다. 은행장 선임 프로그램 종료 후 연  간담회에서 기념촬영을 하고 있는 강신국 우리은행 기업투자금융부문장, 박완식 우리카드 대표, 임종룡 우리금융 회장, 조병규  우리은행장 최종 후보자, 이석태 우리은행 국내영업부문장(왼쪽부터). 사진제공｜우리금융우리금융이 차기 우리은행장 최종 후보로 조병규 우리금융캐피탈 대표를 추천한 가운데, 최고경영자(CEO) 선발 과정의 투명성을 제고하고자 도입한 은행장 선정 프로그램이 주목받고 있다. 3월 24일 조 후보를 비롯해 강신국 우리은행 기업투자금융부문장, 박완식 우리카드 대표, 이석태 우리은행 국내영업부문장 등 우리은행장 후보군 4명을 확정하고 2개월 동안 은행장 선정 프로그램을 진행했다. 외부 전문가와 내부 인사가 참여한 4단계 과정으로, 단계별로 전문가 심층 인터뷰, 평판조회, 업무역량 평가, 심층 면접으로 구성했다. 1단계 외부 전문가 심층 인터뷰에서는 리더십 유형을 진단하고 은행 경영 전반에 대한 비전·이해력·습득력, 유연한 사고, 상황 대처 능력 등을 다각도로 진단했다. 분야별로 금융환경 변화와 금융산업 이해, 은행 경영 및 성장 전략, 규제·리스크관리·ESG 전략, 리더십 및 커뮤니케이션을 평가했다. 2단계 외부기관 다면평가는 업무상 강점, 커뮤니케이션, 조직관리, 품성, 도덕적 이슈 및 약점 등 다양한 조사영역을 검증했다. 다각적 분석 및 객관성 확보를 위해 상사, 동료, 부하 등 직급별로 인터뷰 대상을 분산했다. 3단계에서는 후보자들이 사외이사를 대상으로 업무보고를 진행했다. 현업 집중도 제고를 위해 현 담당업무 사업계획을 중심으로 주제를 선정했다. 사업계획 및 주요 현안을 주 테마로 하고 자회사별 특성에 맞는 세부주제를 2, 3개 이상 선정했다. 이후 경영계획 프레젠테이션을 거쳐 은행장 내정자를 선정했다. 회사 측은 “향후 그룹 회장과 은행장 등 비중 있는 리더를 선임할 때 경영 승계 프로그램 적용할 계획”이라며 “이번 은행장 선정프로그램을 통해 얻은 경험을 바탕으로 향후 그룹 경영승계 프로그램을 고도화해 새로운 기업문화를 구축하는 계기로 발전시킬 것”이라고 했다. 은행장 선정 프로그램 종료 후 임종룡 우리금융 회장과 은행장 후보자 4명이 함께한 간담회도 눈길을 끌었다. 64일간 선의의 경쟁을 펼친 후보자에 대한 격려, 차기 은행장으로 추천된 후보자에 대한 축하와 화합을 다짐하는 자리로 임 회장이 제안했다.  임 회장은 “후보자들이 업무를 병행하는 강행군 속에서 마지막까지 최선을 다해줘 감사하다. 서로 존중하며 공정하게 경쟁한 덕분에 프로그램을 잘 마무리 할 수 있었다”며 “후보자 4명 모두 나와 함께 우리금융의 미래를 만들어갈 동반자로, 오늘 함께 찍은 사진이 우리금융 역사의 새로운 이정표이자 유산이 될 수 있도록 협력을 부탁한다”고 했다.●‘기업금융 강자’ 조병규 우리은행장 후보  은행장 선정 프로그램을 통해 최종 선발된 조병규 우리은행장 후보는 경쟁력 있는 영업능력과 기업금융에 탁월한 경험과 비전을 갖추고 있는 점이 높은 평가를 받았다. 조 후보자는 1965년생으로 관악고와 경희대 경제학과를 졸업하고 우리은행 강북영업본부장, 준법감시인, 경영기획그룹 집행부행장, 기업그룹 집행부행장 등을 역임했다. 또 본점기업영업본부 기업지점장(2012년), 대기업심사부장(2014 년), 강북영업본부장(2017년)을 거쳐 기업그룹 집행부행장(2022년)에 이르기까지 기업영업부문에서 경험을 축적했다. 자회사 대표이사 후보추천위원회는 “조 후보는 임종룡 우리금융 회장과 원팀을 이뤄 우리은행의 기업금융 영업력을 극대화하고 계열사 간 시너지를 최대한으로 이끌어낼 수 있는 적임자로 평가했다”고 추천 배경을 설명했다. 조 후보는 “우리은행의 기업금융 명가 부활을 위해 혼신의 힘을 쏟을 것”이라며 “임 회장과 함께 새로운 기업문화를 만드는 데 최선을 다하겠다”고 소감을 밝혔다. 조 후보는 7월 3일 예정된 주주총회에서 공식 선임 후 업무를 시작한다. 정정욱 기자 jjay@donga.com"
2023.06.13.,"카카오뱅크, 청소년 ‘락인효과’ 전략 통할까",url없음,<네이버 기사 없음>
2023.06.01.,"세계의 트레일, 「동서트레일」의 첫 구간을 국민과 함께 걷다!",url없음,<네이버 기사 없음>
2023.06.13.,[칼럼]②금융산업 패러다임 바꾼 오픈뱅킹의 탄생,url없음,<네이버 기사 없음>
2023.06.09.,"우리금융그룹, 다문화가정 위해 아낌없는 지원 ‘화제’",url없음,<네이버 기사 없음>
2023.06.05.,"[주간투자동향] 비욘드뮤직, 2,000억 원 규모의 추가 투자 유치",https://n.news.naver.com/mnews/article/020/0003501680?sid=105,"바야흐로 스타트업 시대입니다. 2010년부터 시작한 국내 스타트업 열풍은 지난 10년 동안 급속도로 성장했습니다. 대한민국은 어느새 유니콘 기업 11개를 배출한 세계 5위 스타트업 강국으로 자리매김했는데요. 쿠팡, 우아한형제들, 야놀자, 블루홀 등 경쟁력을 갖춘 스타트업이 우리 실생활 속으로 파고들었고, 지금 이 순간에도 성공을 꿈꾸는 수많은 스타트업이 치열한 경쟁 속에서 도전하고 있습니다. 이에 IT동아가 이러한 국내 스타트업의 현장을 [주간투자동향]으로 정리해 제공합니다.비욘드뮤직, 프랙시스캐피탈로부터 2,000억 원 규모의 추가 투자 유치비욘드뮤직이 사모투자펀드(PEF) 운용사 프랙시스캐피탈파트너스(이하 프랙시스)로부터 약 2,000억 원 규모의 추가 투자를 유치했다. 누적 자산운용액(AUM)은 약 5,000억 원 규모다.비욘드뮤직은 지난 2021년 말 프랙시스 등으로부터 약 2,000억 원의 투자를 유치하면서, 김현식, 전인권, 이승철, 이소라, 아이비, 먼데이키즈, 캔, 박효신, 성시경, 윤하, 다비치, 티아라, 브라운아이드걸스, 아이유, 태연 등 1990년 이전부터 2010년대까지 가수들의 음원 IP를 포함, 총 2만 7,000곡 이상의 국내 음원 포트폴리오를 구축했다.출처: 비욘드뮤직 홈페이지또한, 지난 2022년 11월 존 레전드(John Legend)의 ‘Never Break’, 두아 리파(Dua Lipa)의 ‘Garden’, 원리퍼블릭(One Republic)의 ‘Apologize’ 등 해외 아티스트의 음원 IP를 매입해 해외 음원 IP 시장까지 영역을 확장하고 있다. 비욘드뮤직은 리메이크, SNS 활용, 특정 시즌 및 이슈 기반의 재조명, 적극적인 외부 파트너십 등 보유 음원 IP의 가치 제고에 집중하고 있다.비욘드뮤직 이장원 대표는 “기존 음원 IP 가치평가가 아니라 기준을 맞춰 음원 IP를 매입하고, 확보한 음원 IP를 활성화하고 있다”라며, “이번 투자 유치를 통해 국내를 넘어 아시아 음원 IP 투자 및 매니지먼트사로 거듭날 것”이라고 말했다.비욘드뮤직의 BM은 음원 IP카탈로그를 매입한 뒤 가치 제고 활동을 통해 보유 음원 IP의 가치를 재조명하는 ‘Buy and Build’ 모델이다. 미국의 ‘프라이머리 웨이브(Primary Wave)’와 유사하다. 지난 2006년 뉴욕에서 설립한 프라이머리 웨이브는 음원 IP 관리 및 유통 기업으로, 2016년 블랙록(Black Rock)으로부터 약 3억 달러, 2021년 오크트리 캐피탈(Oaktree Capital)로부터 약 3.8억 달러, 2022년 브룩필드(Brookfield)로부터 약 17억 달러를 투자 받은 바 있다.플레이리스트, 142억 원 규모의 투자 유치종합 콘텐츠 스튜디오 플레이리스트가 142억 원 규모의 투자를 유치했다. 이번 투자는 알토스벤처스와 하나증권 Club1 WM 센터가 참여했다.플레이리스트는 지난 2021년 3월 IMM인베스트먼트·프리미어파트너스, 고릴라프라이빗에쿼티 등으로부터 250억 원 규모의 시리즈B 투자를 유치했다. 앞서 지난 2019년에는 알토스벤처스가 단독 참여한 53억 원 규모의 시리즈A 투자를 유치했으며, 2020년 9월 기존 투자자인 네이버웹툰과 스노우, 알토스벤처스 대상 60억 원 유상증자를 진행한 바 있다. 이번 투자를 마무리하며 플레이리스트가 네이버 외부로부터 투자 유치한 총 금액은 465억 원 규모다.출처: 플레이리스트플레이리스트는 지난 2022년 ‘약한영웅 Class 1’과 쇼츠 드라마 ‘편의점 고인물’ 등을 선보인 제작사다. ‘약한영웅 Class 1’, ‘사랑의 불시착’ 등을 제작한 플레이리스트 제작 1본부 윤현기 본부장과 ‘이태원 클라쓰’, ‘청춘시대’ 등을 제작한 플레이리스트 제작 2본부 이미나 본부장 등이 함께하고 있다. 최근 드라마는 이외에 음악과 예능 콘텐츠 영역까지 확장 중이다.플레이리스트는 확보한 투자 유치 자금을 사업 확장 및 운영 등에 활용할 계획이다. 올해는 멤버십 서비스 론칭, 음악 관련 사업 등 신사업을 늘릴 방침이다. 또한, 지난 성공 경험을 바탕으로 일본 시장 진출에도 나선다. 국내외 협력 관계를 늘리며 시너지를 도모한다는 구상이다. 올해는 웨이브 오리지널 ‘거래’와 훌루(Hulu) 오리지널로 편성된 ‘플레이, 플리’ 등을 선보일 계획이다.플레이리스트 박태원 대표는 “시청자와 플랫폼의 소비 행태 변화에 선제적으로 대응해 왔다. 이번 투자 유치로 제작 역량과 미래 가능성을 인정받았다고 생각한다”라며, “앞으로도 다양한 콘텐츠를 통해 국내를 넘어 글로벌 대중문화에 지속가능한 성장과 새로운 트렌드를 제시하는 종합 콘텐츠 스튜디오로 성장할 것”이라고 덧붙였다.이스트엔드, 50억 원 규모의 시리즈B 투자 유치패션 브랜딩 스타트업 이스트엔드가 50억 원 규모의 시리즈B 투자를 유치했다. 이번 투자는 BNK벤처투자, 우리은행 등이 참여했으며, 캡스톤파트너스가 후속 참여했다. 누적 투자 유치 금액은 130억 원 규모다.지난 2016년에 설립한 이스트엔드는 시티브리즈, 아티드, 로즐리, 후머 등 5개의 브랜드를 온라인 D2C 기반으로 운영하고 있다. 주요 고객의 소비 트렌드를 반영해 다양한 디자인의 옷을 소량생산한다. 디자인, 생산, 물류, 마케팅, 판매 등 모든 과정을 내재화했다. 또한, 온라인 판매에 적합한 반응형 생산체제를 구축해 오프라인 매장 중심 브랜드 대비 재고율은 낮다. 누적 거래액은 2022년 기준 500억 원 이상을 기록했으며, 연간 90% 이상 성장하고 있다.출처: 이스트엔드이스트엔드는 이번 투자 유치를 통해 브랜드 리뉴얼과 마케팅으로 고객과의 접점을 확대해 국내 시장에서 경쟁력을 확대할 예정이다. 또한, 중국, 일본, 동남아시아 등 해외 시장 진출도 목표로 하고 있다. 해외 진출을 위한 현지 법인을 설립하고, 물류 인프라를 구축할 예정이다. 특히, 빅데이터를 활용해 해외 소비자의 반응을 분석하고, 이를 바탕으로 상품을 기획하고 생산해 경쟁력을 확보할 계획이다.이스트엔드 김동진 대표는 “이번 투자 유치를 통해 이스트엔드는 패션 이커머스 시장에서 도약할 수 있는 발판을 마련했다”라며, “자체 생산 시스템 및 브랜드 육성 역량을 강화해 고객에게 차별화된 패션 경험을 제공하기 위해 최선을 다하겠다”라고 밝혔다.카이트로닉스, 10억 원 규모의 프리-시리즈A 투자 유치카이트로닉스가 IBK캐피탈-아이디벤처스, 빅뱅엔젤스-코리아오메가투자금융 등으로부터 10억 원 규모의 프리-시리즈A 투자를 유치했다.카이트로닉스는 100% 해외 제품에 의존하던 필름형 압력분포측정 센서(이하 전자감압지)를 포함해 컨트롤러와 소프트웨어를 자체 개발해 국산화한 기업이다. 국내외 25개 지식재산권을 보유하고 있다.카이트로닉스 장욱 대표, 출처: 카이트로닉스카이트로닉스가 전자감압지 기술을 활용해 개발한 산업용 품질 검사 제품 ‘프레셔스캔(PressureScan)’은 제조공정 설비나 제조 생산품에 가해지는 압력 정보를 데이터로 변환해 활용할 수 있다. 스마트 팩토리에 적합한 제품으로 평가 받으며 삼성, LG, 현대 등 대기업을 비롯한 제조업 고객사에서 사용하고 있다.이번 투자 유치를 시작으로 카이트로닉스는 개발뿐만 아니라 기획, 마케팅 등 다양한 분야의 인재를 충원해 조직을 개편할 계획이다.카이트로닉스 장욱 대표는 “이번 투자 유치를 시작으로 2차전지 등 다양한 산업에 최적화한 전자감압지 솔루션을 개발할 것”이라며, “2차전지 기업뿐만 아니라 국내외 다양한 산업의 기업으로부터 요청을 받고 있다. 해외 진출 및 다른 산업 확장을 계획 중”이라고 덧붙였다.고미에너지딜리버리, 더인벤션랩으로부터 7억 원 규모의 투자 유치고미에너지딜리버리가 더인벤션랩이 운용 중인 더인벤션랩 딥테크초기스타트업 투자조합을 통해 7억 원 규모의 투자를 유치했다. 더인벤션랩은 베트남, 태국, 인도 등 성장하는 신흥 시장에 자회사를 두고 한국의 검증된 상품(주로 공산품 및 생필품)을 온라인 자사몰을 통해 판매하는 이커머스 플랫폼 사업자 ‘고미(Gomi Corporation)’에 초기투자 및 시리즈B 후속투자에 참여한 바 있다. 고미는 이커머스 사업을 통해서 2022년 기준 연 매출 350억 원 이상을 기록했다.출처: 고미에너지딜리버리고미에너지딜리버리는 고미의 100% 자회사다. 석유유통 인허가 사업권(정부인허가 사업)을 확보해 국내 주요 정유사로부터 석유를 공급받아 소매 주유소(직영 및 가맹점)에 재공급하는 B2B 유통사업을 전개하고 있다. 2022년 기준 매출 290억 원, 당기순이익 7억 원을 기록했다. 올해에는 소매점을 20여개 이상으로 늘리고, 폐2차전지 수거 및 재사용 사업, 기존 석유 소매점 대상 전기차충전소 사업 등 신규 사업(리싸이클링 및 친환경 등 클린테크 영역)으로 진출하고 있다.고미에너지딜리버리의 장건영 대표는 “고미에너지딜리버리의 매출과 영업이익은 빠르게 증가하고 있다. 급증하는 전기차 트렌드에 따라 기존 주유소의 역할은 빠르게 변화할 것이다. 기존 석유유통사업과 함께 트렌드에 부합한 친환경 사업으로 확대해 성장을 추구할 것”이라고 말했다.파워테스크, 한국투자액셀러레이터로부터 투자 유치파워테스크가 한국투자액셀러레이터 바른동행 3기에 선정되며 프리-시리즈A 투자를 유치했다.파워테스크는 업무에 필요한 다양한 데이터와 애플리케이션들을 코드 없이 자동으로 연결하고 처리하는 노코드 서비스 '아웃코드'를 제공하는 스타트업이다. 데이터 자동화 시장을 위한 통합 서비스를 제공한다는 목표를 가지고 있다.출처: 파워테스크아웃코드는 실시간으로 쌓이는 원본 데이터를 보면서 만드는 자동화 기능, 업무 흐름에 맞게 데이터를 처리하는 데이터플로우 기능 등을 제공한다. 개발이 어려운 영역을 단순하고 직관적인 환경에서 맞춤형으로 직접 자동화할 수 있는 서비스다. 아웃코드의 모든 기능은 마우스 클릭만으로 사용할 수 있으며, 클라우드 기반의 브라우저만으로 제공하는 것이 장점이다.파워테스크 문창훈 대표는 ""노코드 자동화 시장 확대를 위해 지원하는 범위를 확대하고 있다. 2024년에는 해외 시장으로 사업을 확장할 예정""이라며, “이번 투자 유치를 통해 인력을 채용할 계획”이라고 말했다.콜로세움, 아기유니콘 선정콜로세움이 중소벤처기업부(이하 중기부) 주관 ‘아기유니콘 육성사업’에 참여기업으로 선정됐다.아기유니콘 육성사업은 사업모델과 성장성을 검증받은 스타트업을 발굴해 기업가치 1,000억 원 이상의 예비 유니콘 기업으로 육성하는 사업이다. 지난 2022년까지 200개사가 선정됐으며, 올해 299개사가 신청해 약 6:1의 경쟁을 거쳐 51개사가 선정됐다. 아기유니콘 육성사업 운영 이래 후속투자를 완료한 116개사의 누적 투자 유치 금액은 1조 9,714억 원 규모다.출처: 콜로세움콜로세움은 미국 1개소를 포함한 총 36개소의 네트워크 물류센터와 통합 물류솔루션 ‘COLO’를 통해 기존 물류산업의 제한요소에 구애받지 않도록 물류서비스를 제공하는 종합 물류기업이다.해외 시장 진출을 모색하는 이커머스 셀러를 위한 맞춤형 풀필먼트를 제공하며, 프랜차이즈 납품, CVS, 화물운송 등 기업 전용 B2B 물류서비스와 미국, 대만, 일본을 포함해 전 세계 300개국 대상으로 직구·역직구를 위한 물류서비스 등 원스톱 물류서비스를 제공하고 있다. 또한, 전통시장의 물류편의성을 높여 시장 내 MFC(Micro Fulfillment Center)를 구축, 당일·새벽배송 등 배송서비스를 제공하는 사업도 운영 중이다.콜로세움은 이번 아기유니콘 선정으로 주어지는 시장개척자금(최대 3억 원), 글로벌 진출 지원, 신시장 진출 지원, 금융·R&D·경영지원 등의 혜택을 활용해 경쟁력을 강화할 예정이다.콜로세움 박진수 대표는 “이번 아기유니콘 선정을 통해 글로벌 물류센터 네트워크를 구성하고, COLO의 물류 최적화 기능을 제공해 이커머스 업계가 필요로 하는 물류서비스를 제공할 수 있도록 노력할 것”이라고 설명했다.콥틱, 아기유니콘 선정콥틱이 중기부가 주관하는 ‘아기유니콘 육성사업’에 참여기업으로 선정됐다.콥틱이 운영하는 퍼스널 아이웨어 브랜드 브리즘은 3D 프린팅, 3D 스캐닝, 인공지능(이하 AI) 스타일 추천 등의 기술을 적용해 제공한다. 3D 프린팅을 활용한 개인 맞춤형 안경 설계 및 생산 기술을 보유하고 있으며, 해당 기술을 통해 안경 제작 기간과 공정을 단축했다. 또한, 안경 제작, 유통, 판매, 사후관리 등 모든 과정을 내재화했다.브리즘 3D프린팅 이미지, 출처: 콥틱브리즘은 선주문후생산 방식이다. 고객은 서울, 경기 내 8개 매장에서 안경사와 1:1상담하며 안경을 맞춤 제작할 수 있다. 매장에서 고객 얼굴을 3D 스캔하고, 안면 데이터를 바탕으로 코받침, 귀높이, 브릿지 사이 거리 등을 조정해 맞춤형 안경을 설계한다. 이후 3D 프린팅, 레이저 커팅 등의 방식으로 안경을 제작해 제공한다.콥틱은 이번 아기유니콘 선정을 통해 국내 경쟁력을 강화하고 해외 진출에 나설 계획이다. 국내 오프라인 매장 확대, 안경 제조 공장 시설 증설 등을 목표로 하고 있으며, 올해 하반기 미국 시장에 진출할 예정이다.브리즘 박형진 대표는 “이번 아기유니콘 선정을 통해 브리즘이 보유한 개인 맞춤형 안경 제작 기술을 평가 받았다고 생각한다”라며, “앞으로 기술을 고도화하고, 해외 진출을 통해 안경 기술력과 브랜드를 공고하게 쌓아 나갈 것”이라고 전했다.리콘랩스, 아기유니콘 선정리콘랩스가 중기부가 주관하는 ‘아기유니콘 육성사업’에 참여기업으로 선정됐다.지난 2019년 KAIST, 서울대 출신의 초기 창업팀이 모여 설립한 리콘랩스는 스마트폰으로 촬영한 영상을 3D 모델로 변환하는 딥러닝 기술과 생성형 AI를 통해 필요한 3D 에셋을 제작, 변환하는 기술을 보유한 스타트업이다. 현재 이커머스를 위한 3D/AR 콘텐츠 제작 솔루션 ‘플리카’와 디지털 크리에이터의 에셋 제작을 돕는 ‘3D프레소’ 서비스를 운영하고 있다.출처: 리콘랩스최근 리콘랩스는 엔비디아의 인셉션 프로그램에 선정되어 엔비디아 GTC 2023의 테크 세션에 발표하는 등 해외 진출을 위한 기술 파트너쉽을 이어 나가고, 3D프레소 서비스를 통해 해외 시장 진출에 집중하고 있다.리콘랩스 반성훈 대표는 ""이번 아기유니콘 선정을 통해 해외 시장에 다각화된 사업을 전개할 수 있어 기쁘다""라며, ""앞으로 리콘랩스는 누구나 생성형 AI를 통해 원하는 3D 콘텐츠를 만들거나 변환, 편집할 수 있는 시대를 만들고자 한다. 3D 에셋 제작에 필요했던 많은 시간과 비용을 줄여 관련 산업 전반에 큰 변화를 가져올 수 있도록 노력할 것""이라고 전했다.셀리코, 신용보증기금 퍼스트 펭귄 선정마이크로 전자약 기술 기업 셀리코가 신용보증기금의 ‘퍼스트 펭귄’ 기업으로 선정됐다. 신용보증기금이 운영하는 퍼스트 펭귄 제도는 아이디어와 기술력을 보유해 유니콘 기업으로 성장할 가능성이 높은 스타트업을 선정해 지원하는 스타트업 금융 지원 프로그램이다. 셀리코는 이번 퍼스트 펭귄 기업 선정으로 신용보증기금으로부터 총 10억 원의 신용보증과 법률, 세무 등 컨설팅 서비스를 지원 받는다.출처: 셀리코 홈페이지셀리코는 시각장애인을 위한 마이크로 스케일의 전자눈 장치를 개발하는 스타트업이다. 전자눈은 망막질환으로 인해 손상된 시세포층에 삽입하는 이미지센서 칩이다. 삽입된 이미지센서는 빛을 감지하고 이를 생체전기신호로 변환해 시각장애인의 시력 복원을 돕는다. 셀리코는 이미 파괴된 시세포를 대체할 고해상도 이미지센서 설계 기술, 생체 안전 무선 충전 기술, 신경 인터페이스 기술, 생체 적합 소재 패키징 기술, 증강현실 기술 등을 확보했으며, 임상시험을 위한 전자눈 장치의 소형화 및 생물학적 안전성을 확보하고 있다.셀리코 김정석 대표는 “퍼스트펭귄 기업 선정은 셀리코가 보유한 마이크로 전자약 기술에 대한 인정”이라며, “기술 인재를 확보해 제품 완성도를 높이고, 시각장애인이 겪는 불편함을 개선하기 위해 노력하는 소셜벤처기업으로 성장하겠다”라고 말했다.어반랩스, 팁스 선정어반랩스가 중기부의 기술 창업 투자 프로그램 팁스(TIPS)에 선정됐다. 어반랩스는 이번 팁스 선정을 통해 2년간 5억 원의 연구개발 자금을 지원받으며, 향후 사업화 및 해외 마케팅을 위해 최대 7억 원까지 지원받는다.출처: 어반랩스어반랩스는 커피를 내린 후 남는 찌꺼기인 커피박을 업사이클링해 식물성 대체 단백질을 개발하는 스타트업이다. 어반랩스가 개발한 식물성 대체 단백질은 커피박의 향과 색을 감소시키고, 높은 수용성률을 갖췄다. 이를 바탕으로 다양한 식품의 원료로 활용할 수 있다.어반랩스 김선현 대표는 “커피박은 버려지는 찌꺼기가 아니라, 99.8%의 가능성을 가진 단백질 급원이다. 이번 팁스 선정을 통해 ESG 식물성 단백질 원료 R&D 회사로 성장하기 위한 기술을 개발하고, 육가공품, 수산가공품, 유제품, 빵류, 간편식 등 우리 식생활 전반에서 상품화할 수 있도록 응용 기술도 개발할 계획이다”라며, “오는 2025년 넓은 범용성의 식물성 대체 단백질 원료 양산 및 공급을 목표로 하고 있다”라고 말했다.블루웨일컴퍼니, 팁스 선정블루웨일컴퍼니가 중기부의 기술 창업 투자 프로그램 팁스(TIPS)에 선정됐다. 블루웨일컴퍼니는 활용성이 낮았던 유휴공간의 잠재적 가치에 주목해 설립한 스타트업이다. 이번 팁스 선정을 통해 도심 내 라스트마일 물류 사업자가 이용할 수 있는 유휴공간 기반 물류 솔루션을 제공할 계획이다.출처: 블루웨일컴퍼니물류사업자들은 빠른 배송을 위해 도심 내 픽업 및 적재 공간이 필요하다. 하지만, 시시각각 변하는 물동량에 따라 원하는 위치 및 시간에 선택적으로 사용할 수 있는 물류공간을 찾는 것은 사실상 어렵다.블루웨일컴퍼니는 이러한 도심 내 물류 한계점을 해결하고자 물류 사업자에게 공간을 매칭해줄 수 있는 ‘UHOO(유후)’ 플랫폼을 제공하고, 이를 통해 확보한 공간 및 물류데이터를 AI 기반으로 분석해 효율적으로 배송할 수 있는 유휴공간을 제공하고자 한다.블루웨일컴퍼니 오상혁 대표는 “이번 팁스 선정을 통해 유휴공간 빅데이터를 활용한 물류거점 매칭 서비스와 픽업거점 AI 추천 솔루션을 개발할 예정이다. 빠르게 성장하는 당일배송 시장에서 유휴공간의 가치를 접목해 문제를 해결할 것”이라고 밝혔다.동아닷컴 IT 전문 권명관 기자 tornadosn@itdonga.com"
2023.06.04.,베리워즈 캄보디아 진출 시동…전기스쿠터 연 1만대 생산공장 설립,https://n.news.naver.com/mnews/article/008/0004895397?sid=101,"지난달 26일 캄보디아에서 열린 베리워즈 e-모빌리티 시스템 조립공장 기공식. /사진제공=베리워즈친환경 모빌리티 업체 베리워즈는 지난달 26일 캄보디아 현지에서 e-모빌리티 시스템(배터리, 충전소, 전기스쿠터) 조립 공장 개공식을 개최했다고 밝혔다.행사에는 수이 셈 캄보디아 광물에너지부 장관을 비롯해 공공사업교통부, 환경부, 산업과학기술혁신부 등 캄보디아 주요 정부부처 관계자와 박정욱 주 캄보디아 대사, 노현준 코이카(한국국제협력단) 소장, 최조환 코트라(대한무역투자진흥공사) 관장 등 주요 인사들이 참석했다.캄보디아 공장은 코이카 포용적비즈니스프로그램 사업의 지원을 받아 설립됐다. 이 사업은 빠른 경제 성장으로 온실가스가 급증하고 있는 캄보디아의 탄소저감과 일자리 창출 등을 목표로 2025년까지 추진된다.공장은 캄보디아 수도 프놈펜 시내로부터 약 20km 떨어진 키엔 스배이(Kien Svay) 주 산업단지에 총 2400㎡ 규모로 지어졌다. 인근 메콩강 유역의 신항과도 가까워 육로와 수로 모두 접근성이 좋다.이 공장에서는 배터리 교환 방식(BSS, Battery Swap System)을 기반으로 하는 e-모빌리티 시스템 제품들이 조립·생산된다. e-모빌리티 시스템은 배터리, 충전소, 전기스쿠터로 구성된다. 연간 1만대의 전기스쿠터 생산이 가능하다.시장조사를 바탕으로 초기에는 현지 소비자들의 선호도가 높은 3kw(킬로와트)급 소형 전기스쿠터를 주력 모델로 생산할 계획이다. 향후 배달용 고성능 전기스쿠터와 물류용 전기삼륜차, 키오스크형 충전소 등 제품을 다양화해 시장점유율을 확대할 예정이다.베리워즈는 코이카와 함께 폐배터리 재활용센터도 구축할 계획이다. 사용 후 성능이 40% 이하로 떨어진 폐배터리를 분해해 블랙매스(폐배터리를 재활용하기 위한 중간 가공품)를 추출하고 이를 신규 배터리 생산에 활용하는 선순환 모델를 구축하는 것이 목표다.캄보디아 현지에서 이미 베리워즈는 전기스쿠터 기업으로 널리 알려졌다. 지난해 7월 캄보디아 내 4위 상업은행인 사타파나은행과 연간 1만대의 전기스쿠터를 공급하는 협약을 체결했다. 올해 2월에는 우리은행 캄보디아 법인의 140개 지점에 충전소를 설치하고 영업용 오토바이 3000대를 친환경 전기스쿠터로 점진적으로 교체해 나가기 위한 협약을 맺었다.캄보디아 1위 배달대행업체인 푸드판다(FOODPANDA)의 배달기사용 오토바이를 전기스쿠터로 교체하는 협약도 체결했다. 올해 초에는 민간 소비자로부터 선주문을 받아 오는 7~8월부터 공급 예정이다.김성우 베리워즈 대표는 ""캄보디아를 동남아시아 e-모빌리티 확대의 핵심 거점으로 삼고 향후 인도네시아, 베트남, 태국 등으로 진출할 것""이라며 ""동남아시아 지역의 온실가스 감축에 앞장서고 ESG 및 탄소중립 문화 확산에 기여하겠다""고 말했다."
2023.06.13.,[지속가능경영보고서 분석 하나금융그룹②] 함께 성장하며 행복 나누는 사회적 책임,url없음,<네이버 기사 없음>
2023.06.09.,‘나보다 나를 더 잘아는’ 생활밀착형 플랫폼으로 확장,https://n.news.naver.com/mnews/article/469/0000743636?sid=101,"우리금융그룹AI·데이터·블록체인등 신기술 활용금융과 비금융 연계 서비스 확대주식매매에 마케팅 제휴 등 가능모바일 운전면허증으로 실명확인도‘금융비서’ 마이데이터 사업 박차계좌·카드 등 소비 분석해 컨설팅우리금융은 지난해를 완전민영화 원년으로 하여 ‘디지털이 강한 글로벌 리딩금융그룹 도약’이라는 중장기 목표를 발표했다. 이를 위해 지난해 ‘디지털 플랫폼 기업 재창업’ 전략에 이어 올해에는 ‘고객 중심 디지털 플랫폼 확장’ 전략을 추진하고 있다.이를 위해 우리금융은 고객 접점이 풍부한 은행과 카드사의 디지털 플랫폼과 비금융 서비스의 연계성을 확대할 계획이다. 서비스 확대를 통해 기존 금융플랫폼을 생활밀착형 플랫폼으로 진화시키고, 인공지능(AI), 데이터, 블록체인 등 다양한 혁신기술을 이용한 신사업을 추진하고 있다.   우리금융은 그룹 통합플랫폼 사업 추진을 위한 ‘유니버셜뱅킹추진협의회’를 운영하고 있다. 우리금융은 우리WON뱅킹앱에 그룹 계열사들의 주요 금융 비즈니스를 연계하는 ‘유니버셜뱅킹’ 서비스를 추진 중이다. 우리WON뱅킹은 ‘나보다 나를 잘 아는’ 금융플랫폼으로, 고객 맞춤형 UX/UI, 편리한 생활금융 서비스와 특화 상품을 통해 고객들에게 차별화된 디지털금융 경험을 제공하고 있다.‘환전주머니’, ‘주식매매서비스’ 등 생활금융 서비스는 물론 ‘WON하는 LCK’ 등 비금융 특화 서비스를 제공 중이며, 최근 건강·ESG 트렌드를 겨냥한 ‘데일리워킹 적금’ 출시까지 차별화된 고객경험을 제공하는 금융플랫폼으로 거듭나고 있다.우리WON뱅킹은 간편회원 체계를 도입하여, 누구나 쉽고 간편하게 가입하여 비금융콘텐츠를 이용할 수 있다. 지난해 8월 증권사와 제휴를 통해 주식매매서비스를 오픈하여 고객 접점을 확대하였으며, 주요 플랫폼/빅테크기업과 대출비교서비스 제휴, 마케팅 제휴, 혁신금융서비스 협업 등을 추진하는 등 신규 비즈니스 모델을 지속 발굴 중에 있다.우리은행은 우리카드, 교보생명, 미래에셋증권, 한화손보, NICE평가정보사와 국내 초대형 민간 ‘금융데이터댐’ 구축을 위한 금융트렌드 공동연구 업무협약도 체결했다.우리은행은 자체 ‘블록체인 플랫폼’ 구축으로 한국은행의 디지털화폐 모의실험연구의 민간기관 유통을 위한 기술 검증을 완료했다.한편 우리은행은 금융권 최초로 모바일 운전면허증을 활용해 지점 등에서 대면으로 실명확인을 수행할 수 있는 서비스를 행정안전부-한국조폐공사와 동반 구축해 시행했다.이번 ‘모바일 운전면허증 실명확인’ 서비스 시행은 우리은행이 구축한 블록체인 플랫폼 기반의 DID 기술이 활용된 첫 사례다. 우리금융은 ‘내 손 안의 금융비서’ 마이데이터(MY DATA) 사업에도 박차를 가하고 있다. 자산영역에서는 내 정보를 통합 조회하고 대출과 투자, 그리고 보험까지 진단받을 수 있다. 소비영역에서는 계좌·카드·페이까지 다양하고 복잡한 내 소비와 지출을 분석해 맞춤형 컨설팅 서비스를 제공한다. 구독 상품 정보를 모아 관리하는 ‘구독 서비스’도 우리은행의 마이데이터 대표 서비스다. 모바일 앱 환경에 익숙하지 않은 고연령층이 편하게 인터넷뱅킹 등에서 마이데이터를 사용할 수 있도록 인프라도 만들었다. 이에 고령자 등 디지털 취약계층 고객들은 보다 익숙한 인터넷뱅킹 등 PC의 큰 화면으로 편리하게 마이데이터 서비스 이용이 가능하다.우리카드의 ‘마이데이터’ 서비스는 카드, 은행, 보험, 증권 등 130여 개 기관의 토털 자산조회가 가능하다. 이 외에도 자동차, 부동산 등 비금융 분야 기타 자산도 직접 등록·관리 가능한 것이 특징이다."
2023.06.02.,이복현 취임 1년 평가 엇갈려…과제는 '금융감독 임무 충실',url없음,<네이버 기사 없음>
2023.06.04.,한반도 횡단 숲길 '동서트레일' 울진 시범구간 개통,url없음,<네이버 기사 없음>
2023.06.05.,[1.5°C HOW 환경의 날]⑥ 금융지주 '탈석탄 선언'...반(反)환경 투자 전면 중단,url없음,<네이버 기사 없음>
2023.06.01.,"우리은행, ESG채권 형식 원화 후순위채권 4000억원 발행",url없음,<네이버 기사 없음>
2023.06.01.,"우리은행, ESG 원화 후순위채권 4000억원 발행",url없음,<네이버 기사 없음>
2023.06.13.,상생 아이디어로 훈장 … 신임 우리은행장 기업금융 장점 빛낼 듯[CEO 라운지],https://n.news.naver.com/mnews/article/024/0000082636?sid=102,"조병규 우리은행장 내정자64일.우리금융지주가 차기 우리은행장 낙점에 들인 시간이다. 우리금융지주는 올해 2월 신임 임종룡 회장을 선임한 후 차기 행장 공모 절차에 들어갔다. 내외부 인사 여럿이 거론된 가운데 조병규 현 우리금융캐피탈 대표(58)가 은행장으로 선임됐다.우리금융지주 관계자는 “조 후보자는 우리금융을 기업금융 강자로 도약시키겠다는 임종룡 회장과 원팀을 이뤄 우리은행의 기업금융 영업력을 극대화하고 계열사 간 시너지를 최대한으로 이끌어낼 수 있는 적임자로 평가됐다”고 밝혔다. 1965년생/ 관악고/ 경희대 경제학과/ 1992년 상업은행 입행/ 경영기획그룹 부행장/ 기업그룹 집행부행장/ 우리금융캐피탈 대표/ 우리은행장 내정자(현)조 내정자는 1965년생으로 서울 관악고와 경희대 경제학과를 졸업했다. 1992년 우리은행에 입행해 중소기업전략부 부부장 등 기업금융 관련 업무를 수행했다. 상일역 지점장, 본점기업영업본부 기업지점장으로 영업 현장에 있었으며, 2014년부터는 대기업심사부장, 전략기획부장 등 본부 부서장에 임명됐다. 2017년 강북영업본부장을 맡았으며, 2018년 임원으로 승진해 준법감시인, 경영기획그룹 집행부행장, 기업그룹 집행부행장 등을 역임했다. 기업금융, 경영기획, 준법감시, 대기업심사, 영업 등 다양한 업무 경험과 전문성을 갖추고 있다.특히 그의 수상 경력 중 은탑산업훈장을 받은 내용이 눈길을 사로잡는다. 지난해 12월 중소벤처기업부는 코로나19로 인한 경기 침체, 중소기업 자금난을 해결하기 위해 다양한 중소기업 지원 정책을 시행한 공로를 인정해 조 내정자에게 중소벤처기업 금융지원상 은탑산업훈장을 수여했다.상을 받게 된 배경에서 조 내정자의 진가를 일부 알 수 있다. 그는 대내외에서 ‘기업금융 영업리더’로 정평이 나 있다. 이런 명성을 얻게 된 이유는 기업 고객에 맞춤 서비스를 제공해서다. 특히 ‘원비즈플라자’ 설립이 대표 사례다. 지난해 우리은행은 원비즈플라자를 본격 가동했다. 코로나19 이후 국내 중소기업 입장에서는 국내외 원자재 수급, 물품 구매, 계약, 발주 등 공급망 관리의 어려움이 가중되던 터였다. 조 내정자는 우리은행 기업 고객에 이 같은 공급망 관리 서비스는 물론 은행 인터넷뱅킹 연계 등 금융 서비스, 경영 지원 서비스 등을 한곳에서 제공하면 어떨까 아이디어를 냈다.실제 가동에 들어가자 많은 기업 고객이 만족해했다. 여세를 몰아 우리은행은 지난해 원비즈플라자를 은행 부수 업무로 신청하기에 이르렀다. 부수 업무란 금융 외 신사업에 진출하려는 은행이 금융감독당국에 허가를 얻어 합법적으로 뛰어드는 본업 외 사업을 뜻한다.조 내정자는 당시 “원비즈플라자 회원사를 대상으로 공급망 지원뿐 아니라 디지털 전환을 위한 경영, 세무, 회계, 법률, ESG 등 전문가 영역의 서비스를 제공하는 등 기업 고객의 가려운 부분을 긁어주는 다양한 서비스를 제공해야 한다”고 강조했다. 특히 글로벌 네트워크가 취약한 중소기업 입장에서는 이런 기관을 반길 수밖에 없을 터. 이런 공로를 인정받아 훈장을 받았다는 후문이다.김석집 네모파트너즈POC 대표는 “고객의 숨은 수요를 잘 발굴하고 이를 활용해 은행 입장에서도 록인 효과(자물쇠 효과·단골 고객 만들기)를 기대할 수 있는 사업 모델”이라고 평가했다. 원비즈플라자는 ADB(아시아개발은행) 연차총회에서 상생 금융과 동반 성장을 구현한 사례로 극찬을 받았다. (우리은행 제공)원비즈플라자는 해외에서도 주목받았다. 최근 아시아개발은행 연차총회에서 원비즈플라자는 상생 금융과 동반 성장을 구현한 사례로 극찬을 받은 바 있다.이런 현장형 아이디어를 내고 실행까지 마무리할 수 있었던 이유는 조 내정자가 기업금융 현장에서 잔뼈가 굵어서다.“조 내정자의 영업 경력에는 ‘1등’이라는 수식어가 늘 붙어 다녔다. 지점장 초임지였던 상일역지점을 1등 점포로 만들었고, 본점기업영업본부에서도 1등 기업지점장으로 선정됐다. 또한 강북영업본부장을 역임하면서도 해당 영업본부를 1등으로 이끌었다. 이후, 기업금융 전문가로서 능력을 인정받아 대기업심사부장, 기업그룹 집행부행장을 거치게 됐다.”우리금융지주 관계자 설명이다.이는 기업금융 강자로 우리금융을 도약시키겠다는 임종룡 회장의 비전과도 맞아떨어진다. 더불어 그는 전략, 내부통제까지 다양한 역량을 두루 겸비해 균형감 있는 경영 능력을 발휘할 것이라는 평가도 받는다. 2018년 준법감시인에 선임, 2년간 우리은행 준법감시 체계를 확대 개편한 이력 덕분이다. 그는 2019년 자금세탁방지부를 자금세탁방지센터로 승격시키고 국내 은행 최초로 KYC 제도를 도입했다. 참고로 KYC 제도는 신분 확인 절차가 강화된 고객확인제도(Know Your Customer)를 뜻한다.우리금융지주 관계자는 “조 내정자가 영업을 위한 공격수 역할뿐 아니라 내부통제를 위해 뒷문을 걸어 잠그는 수문장 역할도 잘 수행할 거라고 기대하는 이유”라고 설명했다. 특히 미국 중소은행 부실 여파가 한국 금융계에도 파장을 미치는 것 아니냐는 우려가 높은 요즘인 만큼 조 내정자의 ‘리스크 관리’ 리더십이 높은 평가를 받을 수 있지 않겠냐는 예측이다.글로벌 진출·리스크 관리 숙제 물론 숙제도 있다.우리은행은 현재 각종 ‘법률 리스크’에 놓여 있다. 단순히 전임 CEO와 금감원 간 소송 외에도 우리은행 자체로도 사모펀드 불완전판매 의혹, 기관조치 관련 소송 등 각종 현안이 쌓여 있다. 새로이 자리에 오른 수장이 이 같은 법률 리스크를 얼마나 금융감독당국과 조율하며 슬기롭게 풀어낼지가 관전 포인트다.고질적인 한일, 상업은행 출신 간 갈등 문제도 풀어야 할 과제 중 하나다. 최근에는 신규 임원 중 우리은행 공채 출신이 이름을 올리는 등 과거에 비해 갈등 요소가 적어질 여지는 있다. 그래도 여전히 갈등 요소가 있는 만큼 조 내정자의 ‘능력 위주’ 인재 등용책은 어떤 방향일지 궁금해하는 이가 많다. 참고로 조 내정자는 상업은행 출신이다.은행의 근본 체질 개선도 그의 앞에 놓인 숙제 중 하나다. 우리은행은 한때 순익 기준 2~3위를 차지하던 유서 깊은 ‘전통의 강호’다. 그런데 최근 하나은행에 이어 NH농협은행에도 한때 순이익에서 밀리는 등 예전과 같은 강력함을 보여주지 못하고 있다. 특히 과거 증권사 보유 시절 IB업계에서 시너지 효과를 내며 비이자이익(예금·대출·카드 수수료, 외환 거래 이익, 투자 이익 등)을 올리던 시절 대비 기초체력이 약해졌다는 평가를 받고 있다.물론 조 내정자의 핵심 장점 중 하나인 기업금융 경쟁력은 여전히 살아 있는 만큼 임종룡 회장과 발맞춰 그룹 시너지 효과를 어떻게 낼지도 세간의 이목이 집중된다. 당장 눈앞에 놓인 지상 과제는 글로벌 진출 확대, 디지털 전환 가속화가 될 것으로 보인다.시장 반응은 긍정적이다.은경완 신한투자증권 애널리스트는 “우리금융지주는 경쟁 은행과 유사한 수익성을 보유했음에도 가장 낮은 밸류에이션에서 거래 중”이라며 “신임 회장 취임과 자본비율 상승으로 대부분 리스크 요인이 해소됐고 높아진 자본력과 경영진의 강한 의지를 고려하면 관련 기대감을 갖기에 충분해 보인다”고 평가했다.[본 기사는 매경이코노미 제2213호 (2023.06.14~2023.06.20일자) 기사입니다]"
2023.06.01.,[브리프] KB국민은행 신한은행 우리은행 IBK기업은행 外,url없음,<네이버 기사 없음>
2023.06.23.,"NH농협은행, 화석연료 투자에 SW 사용료 먹튀 논란까지…상생금융 뒷전",url없음,<네이버 기사 없음>
2023.06.01.,"우리은행, 원화 후순위채권 4,000억원 발행 성공",url없음,<네이버 기사 없음>
2023.06.15.,[금융 단신] KB국민은행·우리금융·IBK기업은행 外,url없음,<네이버 기사 없음>
2023.06.02.,"[함께가자 우리ESG] 우리은행, 빅데이터로 서울시 청년 문제 해결 지원 앞장",url없음,<네이버 기사 없음>
2023.06.16.,"신한은행, 은행 브랜드평판 6월 빅데이터 분석 결과 1위 기록",url없음,<네이버 기사 없음>
2023.06.21.,"KB는 어린이·취약층, 신한은 병원·대학…""은행 사회공헌 특색있네""",url없음,<네이버 기사 없음>
2023.06.01.,"우리은행, 원화 후순위채권 4000억원 발행 성공",url없음,<네이버 기사 없음>
2023.06.01.,"우리은행, 원화 후순위채권 4천억원 발행 성공...""ESG 경영 실천""",url없음,<네이버 기사 없음>
2023.06.13.,상생 아이디어로 훈장 … 신임 우리은행장 기업금융 장점 빛낼 듯[CEO 라운지],https://n.news.naver.com/mnews/article/024/0000082636?sid=102,"조병규 우리은행장 내정자64일.우리금융지주가 차기 우리은행장 낙점에 들인 시간이다. 우리금융지주는 올해 2월 신임 임종룡 회장을 선임한 후 차기 행장 공모 절차에 들어갔다. 내외부 인사 여럿이 거론된 가운데 조병규 현 우리금융캐피탈 대표(58)가 은행장으로 선임됐다.우리금융지주 관계자는 “조 후보자는 우리금융을 기업금융 강자로 도약시키겠다는 임종룡 회장과 원팀을 이뤄 우리은행의 기업금융 영업력을 극대화하고 계열사 간 시너지를 최대한으로 이끌어낼 수 있는 적임자로 평가됐다”고 밝혔다. 1965년생/ 관악고/ 경희대 경제학과/ 1992년 상업은행 입행/ 경영기획그룹 부행장/ 기업그룹 집행부행장/ 우리금융캐피탈 대표/ 우리은행장 내정자(현)조 내정자는 1965년생으로 서울 관악고와 경희대 경제학과를 졸업했다. 1992년 우리은행에 입행해 중소기업전략부 부부장 등 기업금융 관련 업무를 수행했다. 상일역 지점장, 본점기업영업본부 기업지점장으로 영업 현장에 있었으며, 2014년부터는 대기업심사부장, 전략기획부장 등 본부 부서장에 임명됐다. 2017년 강북영업본부장을 맡았으며, 2018년 임원으로 승진해 준법감시인, 경영기획그룹 집행부행장, 기업그룹 집행부행장 등을 역임했다. 기업금융, 경영기획, 준법감시, 대기업심사, 영업 등 다양한 업무 경험과 전문성을 갖추고 있다.특히 그의 수상 경력 중 은탑산업훈장을 받은 내용이 눈길을 사로잡는다. 지난해 12월 중소벤처기업부는 코로나19로 인한 경기 침체, 중소기업 자금난을 해결하기 위해 다양한 중소기업 지원 정책을 시행한 공로를 인정해 조 내정자에게 중소벤처기업 금융지원상 은탑산업훈장을 수여했다.상을 받게 된 배경에서 조 내정자의 진가를 일부 알 수 있다. 그는 대내외에서 ‘기업금융 영업리더’로 정평이 나 있다. 이런 명성을 얻게 된 이유는 기업 고객에 맞춤 서비스를 제공해서다. 특히 ‘원비즈플라자’ 설립이 대표 사례다. 지난해 우리은행은 원비즈플라자를 본격 가동했다. 코로나19 이후 국내 중소기업 입장에서는 국내외 원자재 수급, 물품 구매, 계약, 발주 등 공급망 관리의 어려움이 가중되던 터였다. 조 내정자는 우리은행 기업 고객에 이 같은 공급망 관리 서비스는 물론 은행 인터넷뱅킹 연계 등 금융 서비스, 경영 지원 서비스 등을 한곳에서 제공하면 어떨까 아이디어를 냈다.실제 가동에 들어가자 많은 기업 고객이 만족해했다. 여세를 몰아 우리은행은 지난해 원비즈플라자를 은행 부수 업무로 신청하기에 이르렀다. 부수 업무란 금융 외 신사업에 진출하려는 은행이 금융감독당국에 허가를 얻어 합법적으로 뛰어드는 본업 외 사업을 뜻한다.조 내정자는 당시 “원비즈플라자 회원사를 대상으로 공급망 지원뿐 아니라 디지털 전환을 위한 경영, 세무, 회계, 법률, ESG 등 전문가 영역의 서비스를 제공하는 등 기업 고객의 가려운 부분을 긁어주는 다양한 서비스를 제공해야 한다”고 강조했다. 특히 글로벌 네트워크가 취약한 중소기업 입장에서는 이런 기관을 반길 수밖에 없을 터. 이런 공로를 인정받아 훈장을 받았다는 후문이다.김석집 네모파트너즈POC 대표는 “고객의 숨은 수요를 잘 발굴하고 이를 활용해 은행 입장에서도 록인 효과(자물쇠 효과·단골 고객 만들기)를 기대할 수 있는 사업 모델”이라고 평가했다. 원비즈플라자는 ADB(아시아개발은행) 연차총회에서 상생 금융과 동반 성장을 구현한 사례로 극찬을 받았다. (우리은행 제공)원비즈플라자는 해외에서도 주목받았다. 최근 아시아개발은행 연차총회에서 원비즈플라자는 상생 금융과 동반 성장을 구현한 사례로 극찬을 받은 바 있다.이런 현장형 아이디어를 내고 실행까지 마무리할 수 있었던 이유는 조 내정자가 기업금융 현장에서 잔뼈가 굵어서다.“조 내정자의 영업 경력에는 ‘1등’이라는 수식어가 늘 붙어 다녔다. 지점장 초임지였던 상일역지점을 1등 점포로 만들었고, 본점기업영업본부에서도 1등 기업지점장으로 선정됐다. 또한 강북영업본부장을 역임하면서도 해당 영업본부를 1등으로 이끌었다. 이후, 기업금융 전문가로서 능력을 인정받아 대기업심사부장, 기업그룹 집행부행장을 거치게 됐다.”우리금융지주 관계자 설명이다.이는 기업금융 강자로 우리금융을 도약시키겠다는 임종룡 회장의 비전과도 맞아떨어진다. 더불어 그는 전략, 내부통제까지 다양한 역량을 두루 겸비해 균형감 있는 경영 능력을 발휘할 것이라는 평가도 받는다. 2018년 준법감시인에 선임, 2년간 우리은행 준법감시 체계를 확대 개편한 이력 덕분이다. 그는 2019년 자금세탁방지부를 자금세탁방지센터로 승격시키고 국내 은행 최초로 KYC 제도를 도입했다. 참고로 KYC 제도는 신분 확인 절차가 강화된 고객확인제도(Know Your Customer)를 뜻한다.우리금융지주 관계자는 “조 내정자가 영업을 위한 공격수 역할뿐 아니라 내부통제를 위해 뒷문을 걸어 잠그는 수문장 역할도 잘 수행할 거라고 기대하는 이유”라고 설명했다. 특히 미국 중소은행 부실 여파가 한국 금융계에도 파장을 미치는 것 아니냐는 우려가 높은 요즘인 만큼 조 내정자의 ‘리스크 관리’ 리더십이 높은 평가를 받을 수 있지 않겠냐는 예측이다.글로벌 진출·리스크 관리 숙제 물론 숙제도 있다.우리은행은 현재 각종 ‘법률 리스크’에 놓여 있다. 단순히 전임 CEO와 금감원 간 소송 외에도 우리은행 자체로도 사모펀드 불완전판매 의혹, 기관조치 관련 소송 등 각종 현안이 쌓여 있다. 새로이 자리에 오른 수장이 이 같은 법률 리스크를 얼마나 금융감독당국과 조율하며 슬기롭게 풀어낼지가 관전 포인트다.고질적인 한일, 상업은행 출신 간 갈등 문제도 풀어야 할 과제 중 하나다. 최근에는 신규 임원 중 우리은행 공채 출신이 이름을 올리는 등 과거에 비해 갈등 요소가 적어질 여지는 있다. 그래도 여전히 갈등 요소가 있는 만큼 조 내정자의 ‘능력 위주’ 인재 등용책은 어떤 방향일지 궁금해하는 이가 많다. 참고로 조 내정자는 상업은행 출신이다.은행의 근본 체질 개선도 그의 앞에 놓인 숙제 중 하나다. 우리은행은 한때 순익 기준 2~3위를 차지하던 유서 깊은 ‘전통의 강호’다. 그런데 최근 하나은행에 이어 NH농협은행에도 한때 순이익에서 밀리는 등 예전과 같은 강력함을 보여주지 못하고 있다. 특히 과거 증권사 보유 시절 IB업계에서 시너지 효과를 내며 비이자이익(예금·대출·카드 수수료, 외환 거래 이익, 투자 이익 등)을 올리던 시절 대비 기초체력이 약해졌다는 평가를 받고 있다.물론 조 내정자의 핵심 장점 중 하나인 기업금융 경쟁력은 여전히 살아 있는 만큼 임종룡 회장과 발맞춰 그룹 시너지 효과를 어떻게 낼지도 세간의 이목이 집중된다. 당장 눈앞에 놓인 지상 과제는 글로벌 진출 확대, 디지털 전환 가속화가 될 것으로 보인다.시장 반응은 긍정적이다.은경완 신한투자증권 애널리스트는 “우리금융지주는 경쟁 은행과 유사한 수익성을 보유했음에도 가장 낮은 밸류에이션에서 거래 중”이라며 “신임 회장 취임과 자본비율 상승으로 대부분 리스크 요인이 해소됐고 높아진 자본력과 경영진의 강한 의지를 고려하면 관련 기대감을 갖기에 충분해 보인다”고 평가했다.[본 기사는 매경이코노미 제2213호 (2023.06.14~2023.06.20일자) 기사입니다]"
2023.06.01.,[브리프] KB국민은행 신한은행 우리은행 IBK기업은행 外,url없음,<네이버 기사 없음>
2023.06.23.,"NH농협은행, 화석연료 투자에 SW 사용료 먹튀 논란까지…상생금융 뒷전",url없음,<네이버 기사 없음>
2023.06.01.,"우리은행, 원화 후순위채권 4,000억원 발행 성공",url없음,<네이버 기사 없음>
2023.06.15.,[금융 단신] KB국민은행·우리금융·IBK기업은행 外,url없음,<네이버 기사 없음>
2023.06.02.,"[함께가자 우리ESG] 우리은행, 빅데이터로 서울시 청년 문제 해결 지원 앞장",url없음,<네이버 기사 없음>
2023.06.16.,"신한은행, 은행 브랜드평판 6월 빅데이터 분석 결과 1위 기록",url없음,<네이버 기사 없음>
2023.06.21.,"KB는 어린이·취약층, 신한은 병원·대학…""은행 사회공헌 특색있네""",url없음,<네이버 기사 없음>
2023.06.01.,"우리銀, 원화 후순위채권 4000억원 발행 성공",url없음,<네이버 기사 없음>
2023.06.01.,"우리은행, 4000억원 후순위채 발행…선제적 자본확충",url없음,<네이버 기사 없음>
2023.06.01.,"우리은행, 원화 후순위채권 4,000억원 발행 성공",url없음,<네이버 기사 없음>
2023.06.15.,[금융 단신] KB국민은행·우리금융·IBK기업은행 外,url없음,<네이버 기사 없음>
2023.06.02.,"[함께가자 우리ESG] 우리은행, 빅데이터로 서울시 청년 문제 해결 지원 앞장",url없음,<네이버 기사 없음>
2023.06.16.,"신한은행, 은행 브랜드평판 6월 빅데이터 분석 결과 1위 기록",url없음,<네이버 기사 없음>
2023.06.21.,"KB는 어린이·취약층, 신한은 병원·대학…""은행 사회공헌 특색있네""",url없음,<네이버 기사 없음>
2023.06.13.,"은행권 헌혈 릴레이···신한은행, 23년째 혈액 기부",url없음,<네이버 기사 없음>
2023.06.09.,공공기관 주도로 5월에 ESG 채권 6.3조원 발행,url없음,<네이버 기사 없음>
2023.06.02.,"우리은행, 원화 후순위채권 4000억 원 발행 성공",url없음,<네이버 기사 없음>
2023.06.01.,"우리은행, 원화 후순위채권 4000억 원 발행 성공",https://n.news.naver.com/mnews/article/629/0000219905?sid=101,"ESG채권 형식의 후순위채권 발행우리은행이 후순위채권 4000억 원 발행에 성공했다. /우리은행우리은행은 지난달 31일 지속가능경영을 위한 ESG채권 형식의 원화 후순위채권(조건부자본증권) 4000억 원 발행에 성공했다고 1일 밝혔다.당초 2700억 원 규모로 발행할 계획이었으나, ESG채권에 대한 투자자들의 높은 관심과 기관투자자 등의 참여 속에 당초 모집금액의 2.26배 수준인 6100억 원의 자금이 몰려, 최종 4000억 원으로 증액해 발행됐다고 우리은행 측은 설명했다.이번에 발행된 채권의 만기는 10년이며, 연 5.14%의 고정금리로 발행됐다. 발행금리는 국고채 10년 금리에 발행스프레드 1.50%포인트를 가산한 금리로, 올해 시중은행에서 처음으로 발행하는 후순위채권이다.특히, 이번 채권은 신재생에너지 개발 등 녹색금융에 사용하는 '그린본드'와 사회적 취약계층 지원 등을 위한 '소셜본드'가 결합된 지속가능채권이다. 또한, 이번 발행으로 우리은행의 BIS비율은 0.24%포인트 상승할 것으로 예상된다.우리은행 관계자는 ""지난 하반기 레고랜드 사태, 올해 상반기 SVB 파산, CS 사태 등 연이은 대내외 이슈로 투자심리가 위축되며 발행시장이 녹록하지 않았다""며, ""최근 시장금리가 다소 안정세를 찾고 투자자 심리가 다시 살아나 신속하게 발행 일정을 잡고 투자설명회를 실시해 채권 발행을 성공적으로 마무리할 수 있었다""고 말했다.이어 ""이번 발행을 통해 자본적정성 제고와 함께 사회적 책임을 다하는 ESG경영을 적극 실천하도록 최선을 다할 것""이라고 강조했다.발로 뛰는 더팩트는 24시간 여러분의 제보를 기다립니다.▶카카오톡: '더팩트제보' 검색▶이메일: jebo@tf.co.kr▶뉴스 홈페이지: http://talk.tf.co.kr/bbs/report/write"
2023.06.01.,"우리은행, 원화 후순위채권 4,000억원 발행 성공",url없음,<네이버 기사 없음>
2023.06.01.,"우리은행, 원화 후순위채권 4천억원 발행",https://n.news.naver.com/mnews/article/374/0000338034?sid=101,"우리은행이 지난 31일 지속가능경영을 위한 ESG채권 형식의 원화 후순위채권(조건부자본증권) 4천억원 발행에 성공했다고 오늘(1일) 밝혔습니다.우리은행은 당초 2천700억원 규모로 발행할 계획이었으나, ESG채권에 대한 투자자들의 높은 관심과 기관투자자 등의 참여 속에 당초 모집금액의 2.26배 수준인 6천100억원의 자금이 몰려 최종 4천억원으로 증액해 발행됐다고 설명했습니다.이번에 발행된 채권의 만기는 10년이며, 연 5.14%의 고정금리로 발행됐습니다. 발행금리는 국고채 10년 금리에 발행스프레드 1.50%p를 가산한 금리로, 올해 시중은행에서 처음으로 발행하는 후순위채권입니다.특히, 이번 채권은 신재생에너지 개발 등 녹색금융에 사용하는 ‘그린본드’와 사회적 취약계층 지원 등을 위한 ‘소셜본드’가 결합된 지속가능채권입니다. 우리은행은 이번 후순위채권 발행으로 BIS비율이 0.24%p 상승할 것으로 예상했습니다.우리은행 관계자는 “지난 하반기 레고랜드 사태, 올해 상반기 SVB 파산, CS 사태 등 연이은 대내외 이슈로 투자심리가 위축되며 발행시장이 녹록하지 않았다”며, “최근 시장금리가 다소 안정세를 찾고 투자자 심리가 다시 살아나 신속하게 발행 일정을 잡고 투자설명회를 실시해 채권 발행을 성공적으로 마무리할 수 있었다”고 말했습니다.당신의 제보가 뉴스로 만들어집니다.SBS Biz는 여러분의 제보를 기다리고 있습니다.홈페이지 = https://url.kr/9pghjn"
2023.06.16.,"신한은행, 은행 브랜드평판 6월 빅데이터 분석 결과 1위 기록",url없음,<네이버 기사 없음>
2023.06.21.,"KB는 어린이·취약층, 신한은 병원·대학…""은행 사회공헌 특색있네""",url없음,<네이버 기사 없음>
2023.06.13.,"은행권 헌혈 릴레이···신한은행, 23년째 혈액 기부",url없음,<네이버 기사 없음>
2023.06.09.,공공기관 주도로 5월에 ESG 채권 6.3조원 발행,url없음,<네이버 기사 없음>
2023.06.02.,"우리은행, 원화 후순위채권 4000억 원 발행 성공",url없음,<네이버 기사 없음>
2023.06.13.,"신한은행, 최근 4,5월 ESG 경영 관심도 1금융권 1위…KB국민은행 뒤이어",url없음,<네이버 기사 없음>
2023.06.14.,"[2023 ESG 파워기업] 우리금융, 상생금융 중심으로 ESG경영 박차",url없음,<네이버 기사 없음>
2023.06.01.,"우리은행, 원화 후순위채권 4000억 원 규모 발행 성공",https://n.news.naver.com/mnews/article/011/0004197215?sid=101,"[서울경제] 우리은행은 지난달 31일 지속가능경영을 위한 환경·사회·지배구조(ESG)채권 형식의 원화 후순위채권(조건부자본증권) 4000억 원 규모의 발행에 성공했다고 1일 밝혔다. 우리은행은 당초 2700억원 규모로 발행할 계획이었으나, 모집금액의 2.26배 수준인 6100억원의 자금이 몰리자 최종 발행규모를 4000억 원으로 늘려 잡았다. 발행된 채권의 만기는 10년이며 연 5.14%의 고정금리가 적용된다. 발행금리는 국고채 10년 금리에 발행스프레드 1.50%포인트를 가산했다.이번 발행으로 우리은행의 국제결제은행(BIS) 자기자본비율은 0.24%포인트 상승할 것으로 예상된다."
2023.06.01.,"우리은행, 후순위채권 4000억 발행…BIS비율 0.24%p 상승",url없음,<네이버 기사 없음>
2023.06.16.,"[브랜드평판] 은행 2023년 6월 빅데이터 분석결과...1위 신한은행, 2위 우리은행, 3위 하나은행",url없음,<네이버 기사 없음>
2023.06.01.,"우리은행, 원화 후순위채권 4,000억원 발행 성공",url없음,<네이버 기사 없음>
2023.06.13.,"은행권 헌혈 릴레이···신한은행, 23년째 혈액 기부",url없음,<네이버 기사 없음>
2023.06.09.,공공기관 주도로 5월에 ESG 채권 6.3조원 발행,url없음,<네이버 기사 없음>
2023.06.02.,"우리은행, 원화 후순위채권 4000억 원 발행 성공",url없음,<네이버 기사 없음>
2023.06.13.,"신한은행, 최근 4,5월 ESG 경영 관심도 1금융권 1위…KB국민은행 뒤이어",url없음,<네이버 기사 없음>
2023.06.14.,"[2023 ESG 파워기업] 우리금융, 상생금융 중심으로 ESG경영 박차",url없음,<네이버 기사 없음>
2023.06.01.,[오늘의 은행가 소식]카카오뱅크 外,url없음,<네이버 기사 없음>
2023.06.13.,"은행권 헌혈 릴레이···신한은행, 23년째 혈액 기부",url없음,<네이버 기사 없음>
2023.06.16.,"은행 브랜드평판 6월 빅데이터 분석결과...1위 신한은행, 2위 우리은행, 3위 하나은행",url없음,<네이버 기사 없음>
2023.06.09.,공공기관 주도로 5월에 ESG 채권 6.3조원 발행,url없음,<네이버 기사 없음>
2023.06.01.,"우리은행, 원화 후순위채권 4,000억원 발행 성공 ""지속가능경영을 위한 ESG채권""",url없음,<네이버 기사 없음>
2023.06.01.,"우리은행, 원화 후순위채권 4000억 원 발행",url없음,<네이버 기사 없음>
2023.06.02.,"우리은행, 원화 후순위채권 4000억 원 발행 성공",url없음,<네이버 기사 없음>
2023.06.13.,"신한은행, 최근 4,5월 ESG 경영 관심도 1금융권 1위…KB국민은행 뒤이어",url없음,<네이버 기사 없음>
2023.06.01.,"우리은행, 원화 후순위채권 4000억원 발행",url없음,<네이버 기사 없음>
2023.06.14.,"[2023 ESG 파워기업] 우리금융, 상생금융 중심으로 ESG경영 박차",url없음,<네이버 기사 없음>
2023.06.01.,[오늘의 은행가 소식]카카오뱅크 外,url없음,<네이버 기사 없음>
2023.06.14.,"[2023 ESG 파워기업] 우리금융, 상생금융 중심으로 ESG경영 박차",url없음,<네이버 기사 없음>
2023.06.16.,"신한은행, 브랜드평판 2023년 6월 빅데이터 분석결과 1위",url없음,<네이버 기사 없음>
2023.06.01.,"우리은행, 원화 후순위채권 4000억원 발행",url없음,<네이버 기사 없음>
2023.06.01.,[오늘의 은행가 소식]카카오뱅크 外,url없음,<네이버 기사 없음>
2023.06.14.,[오늘의 은행가 소식]BNK경남은행 外,url없음,<네이버 기사 없음>
2023.06.07.,ESG 채권 발행 열풍 식었나?…시장 환경 변화에 '주춤',url없음,<네이버 기사 없음>
2023.06.01.,"우리은행, 원화 후순위채권 4천억 발행 성공",url없음,<네이버 기사 없음>
2023.06.05.,"[주간 ESG] 6월 1주, K-ESG지수 소폭 상승",url없음,<네이버 기사 없음>
2023.06.16.,[금융업계기상도]NH농협은행 ‘맑음’·케이뱅크 ‘구름조금’,url없음,<네이버 기사 없음>
2023.06.15.,"[브랜드평판] 저축은행 2023년 6월 빅데이터 분석결과...1위 SBI저축은행, 2위 OK저축은행, 3위 웰컴저축은행",url없음,<네이버 기사 없음>
2023.06.01.,"우리은행, 원화 후순위채권 4000억원 발행 성공",url없음,<네이버 기사 없음>
2023.06.01.,"우리은행, 원화 후순위채권 4000억원 발행 성공",url없음,<네이버 기사 없음>
2023.06.07.,은행권 자금조달 대세로 떠오른 'ESG채권',url없음,<네이버 기사 없음>
2023.06.05.,"[주간 ESG] 6월 1주, K-ESG지수 소폭 상승",url없음,<네이버 기사 없음>
2023.06.16.,[금융업계기상도]NH농협은행 ‘맑음’·케이뱅크 ‘구름조금’,url없음,<네이버 기사 없음>
2023.06.15.,"[브랜드평판] 저축은행 2023년 6월 빅데이터 분석결과...1위 SBI저축은행, 2위 OK저축은행, 3위 웰컴저축은행",url없음,<네이버 기사 없음>
2023.06.02.,[금융업계기상도]KB국민은행 ‘맑음’·케이뱅크 ‘구름조금’,url없음,<네이버 기사 없음>
2023.06.01.,"닥사, 내부통제기준·윤리행동강령 마련 外 우리은행·케이뱅크 [쿡경제]",url없음,<네이버 기사 없음>
2023.06.01.,"우리은행, 원화 후순위채권 4,000억 발행",url없음,<네이버 기사 없음>
2023.06.13.,[금융 단신] IBK기업은행·우리은행·NH농협은행 外,url없음,<네이버 기사 없음>
2023.06.01.,"우리은행, 원화 후순위채권 4000억원 발행 성공",url없음,<네이버 기사 없음>
2023.06.01.,"우리은행, 원화 후순위채권 4000억 원 규모 발행 성공",url없음,<네이버 기사 없음>
2023.06.05.,"[주간 ESG] 6월 1주, K-ESG지수 소폭 상승",url없음,<네이버 기사 없음>
2023.06.16.,[금융업계기상도]NH농협은행 ‘맑음’·케이뱅크 ‘구름조금’,url없음,<네이버 기사 없음>
2023.06.15.,"[브랜드평판] 저축은행 2023년 6월 빅데이터 분석결과...1위 SBI저축은행, 2위 OK저축은행, 3위 웰컴저축은행",url없음,<네이버 기사 없음>
2023.06.02.,[금융업계기상도]KB국민은행 ‘맑음’·케이뱅크 ‘구름조금’,url없음,<네이버 기사 없음>
2023.06.01.,"닥사, 내부통제기준·윤리행동강령 마련 外 우리은행·케이뱅크 [쿡경제]",url없음,<네이버 기사 없음>
2023.06.01.,"우리은행, 원화 후순위채권 4,000억 발행",url없음,<네이버 기사 없음>
2023.06.13.,[금융 단신] IBK기업은행·우리은행·NH농협은행 外,url없음,<네이버 기사 없음>
2023.06.05.,"손실흡수능력 필요성 커진 은행권, 우리은행 등 선제적 자본확충 나서",url없음,<네이버 기사 없음>
2023.06.01.,"우리銀, 4000억원 규모 원화 후순위채권 발행 성공",url없음,<네이버 기사 없음>
2023.06.15.,"[빅데이터투데이] 저축은행 2023년 6월 브랜드평판 랭킹... 1위 SBI저축은행, 2위 OK저축은행, 3위 웰컴저축은행",url없음,<네이버 기사 없음>
2023.06.02.,[금융업계기상도]KB국민은행 ‘맑음’·케이뱅크 ‘구름조금’,url없음,<네이버 기사 없음>
2023.06.01.,"닥사, 내부통제기준·윤리행동강령 마련 外 우리은행·케이뱅크 [쿡경제]",url없음,<네이버 기사 없음>
2023.06.01.,"우리은행, 원화 후순위채권 4,000억 발행",url없음,<네이버 기사 없음>
2023.06.13.,[금융 단신] IBK기업은행·우리은행·NH농협은행 外,url없음,<네이버 기사 없음>
2023.06.05.,"손실흡수능력 필요성 커진 은행권, 우리은행 등 선제적 자본확충 나서",url없음,<네이버 기사 없음>
2023.06.01.,"우리은행, ESG 원화 후순위채권 4000억원 발행…""BIS비율 개선 효과""",url없음,<네이버 기사 없음>
2023.06.30.,금융권 2022년 지속가능경영 활동 보고서 잇달아 발간,url없음,<네이버 기사 없음>
2023.06.08.,"[함께가자 우리ESG] 우리다문화장학재단, 다문화 자녀 600명에게 11억 5천만원 전달",url없음,<네이버 기사 없음>
2023.06.05.,"손실흡수능력 필요성 커진 은행권, 우리은행 등 선제적 자본확충 나서",url없음,<네이버 기사 없음>
2023.06.01.,"우리은행, 원화 후순위채권 4000억원 발행 성공",url없음,<네이버 기사 없음>
2023.06.01.,"우리은행, ESG 원화 후순위채권 4000억원 발행…""BIS비율 개선 효과""",url없음,<네이버 기사 없음>
2023.06.30.,금융권 2022년 지속가능경영 활동 보고서 잇달아 발간,url없음,<네이버 기사 없음>
2023.06.01.,"우리은행, 원화 후순위채권 4,000억원 발행 성공",url없음,<네이버 기사 없음>
2023.06.08.,"[함께가자 우리ESG] 우리다문화장학재단, 다문화 자녀 600명에게 11억 5천만원 전달",url없음,<네이버 기사 없음>
2023.06.05.,"[위클리오늘] 은행·보험사, 1분기 순익 '12조원' 돌파…'상생금융 확대' 필요성 커져",url없음,<네이버 기사 없음>
2023.06.02.,"우리은행, 원화 후순위채권 4,000억원 발행 성공",url없음,<네이버 기사 없음>
2023.06.02.,[지구를 지켜라③] 자금 투자에 ‘친환경·ESG’ 개입시키는 금융사…직간접 투자로 환경 문제 개선에 동참,url없음,<네이버 기사 없음>
2023.06.01.,"[은행가소식] 우리금융, 동서트레일 '우리금융길' 개통",url없음,<네이버 기사 없음>
2023.06.02.,[지구를 지켜라③] 자금 투자에 ‘친환경·ESG’ 개입시키는 금융사…직간접 투자로 환경 문제 개선에 동참,url없음,<네이버 기사 없음>
2023.06.01.,"[은행가소식] 우리금융, 동서트레일 '우리금융길' 개통",url없음,<네이버 기사 없음>
2023.06.08.,"우리금융, 이색 ESG경영 눈길…아름다운 '우리금융길' 조성",url없음,<네이버 기사 없음>
2023.06.01.,"우리은행, 원화 후순위채권 4000억원 발행 성공",url없음,<네이버 기사 없음>
2023.06.01.,"우리은행, 원화 후순위채권 4,000억원 발행 성공",url없음,<네이버 기사 없음>
2023.06.01.,"우리은행, 원화 후순위채권 4천억원 발행 성공",url없음,<네이버 기사 없음>
2023.06.02.,"[#금융톡톡] 기업은행 RE100 펀드 금융주선·우리은행, 서울시와 빅데이터 MOU·신협중앙회 현충원 묘역 정비 봉사·국민은행 '대한이 살았다' 영상 공개",url없음,<네이버 기사 없음>
2023.06.30.,"닮은 듯 다른… 진옥동 100일, 임종룡 100일",url없음,<네이버 기사 없음>
2023.06.30.,숨 가빴던 진옥동과 임종룡의 100일,url없음,<네이버 기사 없음>
2023.06.02.,은행권 후순위채 발행 봇물...노림수는?,url없음,<네이버 기사 없음>
